Genome_Id final names,Functional_group,Domain,Taxa_Super_Groups,Best_taxonomy_KINGDON,Best_taxonomy_PHYLUM,Best_taxonomy_CLASS
TARA_ANE_2018_MAG_00101,Group_04,Eukarya,Archaeplastida,Plantae,Chlorophyta,Mamiellophyceae
TARA_AON_82_MAG_00012,Group_04,Eukarya,Archaeplastida,Plantae,Chlorophyta,Mamiellophyceae
TARA_AON_82_MAG_00097,Group_04,Eukarya,Archaeplastida,Plantae,Chlorophyta,Mamiellophyceae
TARA_AON_82_MAG_00118,Group_04,Eukarya,Archaeplastida,Plantae,Chlorophyta,Mamiellophyceae
TARA_AON_82_MAG_00125,Group_05,Eukarya,Stramenopiles,Chromista,Heterokontophyta,Oomycota
TARA_AON_82_MAG_00137,Group_05,Eukarya,Stramenopiles,Chromista,MAST-4,New_MAST-4
TARA_AON_82_MAG_00159,Group_04,Eukarya,Stramenopiles,Chromista,Bacillariophyta,Bacillariophyceae
TARA_AON_82_MAG_00160,Group_05,Eukarya,Stramenopiles,Chromista,MAST-4,New_MAST-4
TARA_AON_82_MAG_00189,Group_04,Eukarya,Archaeplastida,Plantae,Chlorophyta,Pyramimonadophyceae
TARA_AON_82_MAG_00198,Group_04,Eukarya,Archaeplastida,Plantae,Chlorophyta,Trebouxiophyceae
TARA_AON_82_MAG_00229,Group_04,Eukarya,Archaeplastida,Plantae,Chlorophyta,Chloropicophyceae
TARA_AON_82_MAG_00271,Group_04,Eukarya,Archaeplastida,Plantae,Chlorophyta,Mamiellophyceae
TARA_AON_82_MAG_00272,Group_05,Eukarya,Stramenopiles,Chromista,MAST-4,New_MAST-4
TARA_AON_82_MAG_00274,Group_06,Eukarya,Stramenopiles,Chromista,Ochrophyta,Pelagophyceae
TARA_AON_82_MAG_00275,Group_05,Eukarya,Stramenopiles,Chromista,MAST-4,New_MAST-4
TARA_AON_82_MAG_00276,Group_05,Eukarya,Stramenopiles,Chromista,MAST-4,New_MAST-4
TARA_AON_82_MAG_00278,Group_06,Eukarya,Haptista,Chromista,Haptophyta,Prymnesiophyceae
TARA_AON_82_MAG_00280,Group_05,Eukarya,Stramenopiles,Chromista,Ochrophyta,Chrysophyceae
TARA_AON_82_MAG_00281,Group_05,Eukarya,Stramenopiles,Chromista,MAST-4,New_MAST-4
TARA_AON_82_MAG_00283,Group_06,Eukarya,Haptista,Chromista,Haptophyta,Prymnesiophyceae
TARA_AON_82_MAG_00284,Group_02,Eukarya,Alveolata,Chromista,Ciliophora,NA
TARA_AON_82_MAG_00285,Group_01,Eukarya,Opisthokonta,Animalia,Arthropoda,Hexanauplia
TARA_AON_82_MAG_00286,Group_01,Eukarya,Opisthokonta,Animalia,Arthropoda,Hexanauplia
TARA_AON_82_MAG_00290,Group_01,Eukarya,Opisthokonta,Animalia,Arthropoda,Hexanauplia
TARA_AON_82_MAG_00292,Group_05,Eukarya,Stramenopiles,Chromista,Bigyra,Bikosea
TARA_AON_82_MAG_00295,Group_06,Eukarya,Stramenopiles,Chromista,Ochrophyta,Dictyochophyceae
TARA_AON_82_MAG_00297,Group_04,Eukarya,Archaeplastida,Plantae,Chlorophyta,Mamiellophyceae
TARA_AON_82_MAG_00298,Group_01,Eukarya,Opisthokonta,Animalia,Arthropoda,Hexanauplia
TARA_AON_82_MAG_00299,Group_06,Eukarya,Haptista,Chromista,Haptophyta,Prymnesiophyceae
TARA_AON_82_MAG_00300,Group_04,Eukarya,Archaeplastida,Plantae,Chlorophyta,Chloropicophyceae
TARA_AON_82_MAG_00301,Group_05,Eukarya,Stramenopiles,Chromista,Heterokontophyta,Oomycota
TARA_AON_82_MAG_00302,Group_06,Eukarya,Cryptista,Chromista,Cryptophyta,Cryptophyceae
TARA_AON_82_MAG_00303,Group_06,Eukarya,Cryptista,Chromista,Cryptophyta,Cryptophyceae
TARA_AON_82_MAG_00304,Group_05,Eukarya,Cryptista,Chromista,Sister_Cryptophyta,Sister_Cryptophyta
TARA_AON_82_MAG_00305,Group_01,Eukarya,Opisthokonta,Animalia,Arthropoda,Hexanauplia
TARA_AON_82_MAG_00306,Group_06,Eukarya,Cryptista,Chromista,Cryptophyta,Cryptophyceae
TARA_AON_82_MAG_00307,Group_05,Eukarya,Stramenopiles,Chromista,Bigyra,Bikosea
TARA_AON_82_MAG_00310,Group_05,Eukarya,Cryptista,Chromista,Sister_Cryptophyta,Sister_Cryptophyta
TARA_AON_82_MAG_00312,Group_01,Eukarya,Opisthokonta,Animalia,Arthropoda,Hexanauplia
TARA_AON_82_MAG_00313,Group_05,Eukarya,Stramenopiles,Chromista,New_Stramenopiles,New_Stramenopiles
TARA_AON_82_MAG_00314,Group_01,Eukarya,Opisthokonta,Animalia,Arthropoda,Hexanauplia
TARA_AON_82_MAG_00315,Group_06,Eukarya,Haptista,Chromista,Haptophyta,Prymnesiophyceae
TARA_AON_82_MAG_00316,Group_05,Eukarya,Cryptista,Chromista,Sister_Cryptophyta,Sister_Cryptophyta
TARA_AON_82_MAG_00317,Group_01,Eukarya,Opisthokonta,Animalia,Arthropoda,Hexanauplia
TARA_AON_82_MAG_00318,Group_06,Eukarya,Haptista,Chromista,Haptophyta,Prymnesiophyceae
TARA_AON_82_MAG_00319,Group_01,Eukarya,Opisthokonta,Animalia,Arthropoda,Hexanauplia
TARA_AON_82_MAG_00320,Group_03,Eukarya,Opisthokonta,Animalia,Chordata,Appendicularia
TARA_AON_82_MAG_00322,Group_01,Eukarya,Opisthokonta,Animalia,Arthropoda,Hexanauplia
TARA_AON_82_MAG_00323,Group_01,Eukarya,Opisthokonta,Animalia,Arthropoda,Hexanauplia
TARA_AON_82_MAG_00324,Group_01,Eukarya,Opisthokonta,Animalia,Arthropoda,Hexanauplia
TARA_AON_82_MAG_00325,Group_01,Eukarya,Opisthokonta,Animalia,Arthropoda,Hexanauplia
TARA_AON_82_MAG_00326,Group_01,Eukarya,Opisthokonta,Animalia,Arthropoda,Hexanauplia
TARA_AON_82_MAG_00327,Group_01,Eukarya,Opisthokonta,Animalia,Arthropoda,Hexanauplia
TARA_AON_82_MAG_00328,Group_01,Eukarya,Opisthokonta,Animalia,NA,NA
TARA_AON_82_MAG_00329,Group_01,Eukarya,Opisthokonta,Animalia,Arthropoda,Hexanauplia
TARA_AON_82_MAG_00332,Group_01,Eukarya,Opisthokonta,Animalia,Arthropoda,Hexanauplia
TARA_AON_82_MAG_00333,Group_01,Eukarya,Opisthokonta,Animalia,Arthropoda,Hexanauplia
TARA_AON_82_MAG_00334,Group_06,Eukarya,Stramenopiles,Chromista,Ochrophyta,Dictyochophyceae
TARA_AON_82_MAG_00336,Group_01,Eukarya,Opisthokonta,Animalia,Arthropoda,Hexanauplia
TARA_AON_82_MAG_00337,Group_06,Eukarya,Haptista,Chromista,Haptophyta,Prymnesiophyceae
TARA_AON_82_MAG_00338,Group_04,Eukarya,Stramenopiles,Chromista,Bacillariophyta,Mediophyceae
TARA_AON_82_MAG_00340,Group_04,Eukarya,Archaeplastida,Plantae,Chlorophyta,Palmophyllophyceae
TARA_AON_82_MAG_00341,Group_06,Eukarya,Haptista,Chromista,Haptophyta,Prymnesiophyceae
TARA_AON_82_MAG_00342,Group_01,Eukarya,Opisthokonta,Animalia,Arthropoda,Hexanauplia
TARA_AON_82_MAG_00343,Group_01,Eukarya,Opisthokonta,Animalia,Arthropoda,Hexanauplia
TARA_AON_82_MAG_00344,Group_01,Eukarya,Opisthokonta,Animalia,Arthropoda,Hexanauplia
TARA_AON_82_MAG_00345,Group_01,Eukarya,Opisthokonta,Animalia,Arthropoda,Hexanauplia
TARA_AON_82_MAG_00346,Group_01,Eukarya,Opisthokonta,Animalia,Arthropoda,Hexanauplia
TARA_AON_82_MAG_00347,Group_05,Eukarya,Cryptista,Chromista,Sister_Cryptophyta,Sister_Cryptophyta
TARA_AON_82_MAG_00348,Outlier,Eukarya,Opisthokonta,Animalia,NA,NA
TARA_AON_82_MAG_00349,Group_01,Eukarya,Opisthokonta,Animalia,Arthropoda,Hexanauplia
TARA_AON_82_MAG_00350,Group_01,Eukarya,Opisthokonta,Animalia,Arthropoda,Hexanauplia
TARA_AON_82_MAG_00351,Group_06,Eukarya,Haptista,Chromista,Haptophyta,Prymnesiophyceae
TARA_AON_82_MAG_00352,Group_01,Eukarya,Opisthokonta,Animalia,Arthropoda,Hexanauplia
TARA_AON_82_MAG_00353,Group_01,Eukarya,Opisthokonta,Animalia,Arthropoda,Hexanauplia
TARA_AON_82_MAG_00354,Group_06,Eukarya,Haptista,Chromista,Haptophyta,Prymnesiophyceae
TARA_AON_82_MAG_00355,Group_04,Eukarya,Alveolata,Chromista,Myzozoa,Myzozoa
TARA_AON_82_MAG_00356,Group_06,Eukarya,Haptista,Chromista,Haptophyta,Prymnesiophyceae
TARA_AON_82_MAG_00357,Group_03,Eukarya,Opisthokonta,Animalia,Chordata,Appendicularia
TARA_AOS_82_MAG_00032,Group_04,Eukarya,Archaeplastida,Plantae,Chlorophyta,Chloropicophyceae
TARA_AOS_82_MAG_00045,Group_06,Eukarya,Stramenopiles,Chromista,Ochrophyta,Pelagophyceae
TARA_AOS_82_MAG_00050,Group_04,Eukarya,Stramenopiles,Chromista,Bacillariophyta,Mediophyceae
TARA_AOS_82_MAG_00129,Group_06,Eukarya,Stramenopiles,Chromista,Ochrophyta,Pelagophyceae
TARA_AOS_82_MAG_00131,Group_04,Eukarya,Archaeplastida,Plantae,Chlorophyta,Chloropicophyceae
TARA_AOS_82_MAG_00132,Group_06,Eukarya,Haptista,Chromista,Haptophyta,NA
TARA_AOS_82_MAG_00135,Group_05,Eukarya,Stramenopiles,Chromista,MAST-4,New_MAST-4
TARA_AOS_82_MAG_00137,Group_04,Eukarya,Archaeplastida,Plantae,Chlorophyta,Mamiellophyceae
TARA_AOS_82_MAG_00140,Group_06,Eukarya,Haptista,Chromista,Haptophyta,Prymnesiophyceae
TARA_AOS_82_MAG_00141,Group_06,Eukarya,Haptista,Chromista,Haptophyta,Prymnesiophyceae
TARA_AOS_82_MAG_00142,Group_06,Eukarya,Haptista,Chromista,Haptophyta,Prymnesiophyceae
TARA_AOS_82_MAG_00144,Group_06,Eukarya,Haptista,Chromista,Haptophyta,Prymnesiophyceae
TARA_AOS_82_MAG_00145,Group_06,Eukarya,Stramenopiles,Chromista,Heterokontophyta,Oomycota
TARA_AOS_82_MAG_00147,Group_04,Eukarya,Stramenopiles,Chromista,Bacillariophyta,Mediophyceae
TARA_AOS_82_MAG_00149,Group_06,Eukarya,Haptista,Chromista,Haptophyta,Prymnesiophyceae
TARA_AOS_82_MAG_00150,Group_05,Eukarya,Stramenopiles,Chromista,MAST-4,New_MAST-4
TARA_AOS_82_MAG_00154,Group_06,Eukarya,Haptista,Chromista,Haptophyta,Prymnesiophyceae
TARA_AOS_82_MAG_00158,Group_06,Eukarya,Haptista,Chromista,Haptophyta,Prymnesiophyceae
TARA_AOS_82_MAG_00159,Group_03,Eukarya,Opisthokonta,Animalia,Chordata,NA
TARA_AOS_82_MAG_00160,Group_01,Eukarya,Opisthokonta,Animalia,Arthropoda,Hexanauplia
TARA_AOS_82_MAG_00161,Group_06,Eukarya,Haptista,Chromista,Haptophyta,Prymnesiophyceae
TARA_AOS_82_MAG_00162,Group_06,Eukarya,Stramenopiles,Chromista,Ochrophyta,Pelagophyceae
TARA_AOS_82_MAG_00163,Group_05,Eukarya,Cryptista,Chromista,Sister_Cryptophyta,Sister_Cryptophyta
TARA_AOS_82_MAG_00165,Group_01,Eukarya,Opisthokonta,Animalia,Arthropoda,Hexanauplia
TARA_AOS_82_MAG_00167,Group_03,Eukarya,Opisthokonta,Animalia,Chordata,Appendicularia
TARA_AOS_82_MAG_00168,Group_01,Eukarya,Opisthokonta,Animalia,Arthropoda,Hexanauplia
TARA_AOS_82_MAG_00169,Group_01,Eukarya,Opisthokonta,Animalia,Arthropoda,Hexanauplia
TARA_AOS_82_MAG_00170,Group_03,Eukarya,Opisthokonta,Animalia,Chordata,NA
TARA_AOS_82_MAG_00171,Group_01,Eukarya,Opisthokonta,Animalia,Arthropoda,Hexanauplia
TARA_AOS_82_MAG_00172,Group_04,Eukarya,Alveolata,Chromista,Myzozoa,Myzozoa
TARA_AOS_82_MAG_00173,Group_01,Eukarya,Opisthokonta,Animalia,Arthropoda,Crustacea
TARA_AOS_82_MAG_00174,Group_01,Eukarya,Opisthokonta,Animalia,Arthropoda,Hexanauplia
TARA_AOS_82_MAG_00175,Group_01,Eukarya,Opisthokonta,Animalia,Arthropoda,Hexanauplia
TARA_AOS_82_MAG_00176,Group_04,Eukarya,Stramenopiles,Chromista,Bacillariophyta,Bacillariophyceae
TARA_AOS_82_MAG_00177,Group_03,Eukarya,Opisthokonta,Animalia,Chordata,Appendicularia
TARA_AOS_82_MAG_00178,Group_02,Eukarya,Alveolata,Chromista,Ciliophora,Oligotrichea
TARA_AOS_82_MAG_00179,Group_01,Eukarya,Opisthokonta,Animalia,Arthropoda,Hexanauplia
TARA_AOS_82_MAG_00180,Group_01,Eukarya,Opisthokonta,Animalia,Arthropoda,Hexanauplia
TARA_AOS_82_MAG_00181,Group_04,Eukarya,Archaeplastida,Plantae,Chlorophyta,Mamiellophyceae
TARA_AOS_82_MAG_00182,Group_06,Eukarya,Haptista,Chromista,Haptophyta,Prymnesiophyceae
TARA_AOS_82_MAG_00183,Group_06,Eukarya,Haptista,Chromista,Haptophyta,Prymnesiophyceae
TARA_AOS_82_MAG_00184,Group_06,Eukarya,Haptista,Chromista,Haptophyta,Prymnesiophyceae
TARA_AOS_82_MAG_00185,Group_06,Eukarya,Stramenopiles,Chromista,Ochrophyta,Dictyochophyceae
TARA_AOS_82_MAG_00186,Group_04,Eukarya,Archaeplastida,Plantae,Chlorophyta,Mamiellophyceae
TARA_AOS_82_MAG_00188,Group_01,Eukarya,Opisthokonta,Animalia,Arthropoda,Hexanauplia
TARA_ARC_108_MAG_00063,Group_04,Eukarya,Archaeplastida,Plantae,Chlorophyta,Mamiellophyceae
TARA_ARC_108_MAG_00100,Group_04,Eukarya,Archaeplastida,Plantae,Chlorophyta,Mamiellophyceae
TARA_ARC_108_MAG_00108,Group_04,Eukarya,Stramenopiles,Chromista,Bacillariophyta,Mediophyceae
TARA_ARC_108_MAG_00116,Group_04,Eukarya,Stramenopiles,Chromista,Bacillariophyta,Mediophyceae
TARA_ARC_108_MAG_00122,Group_04,Eukarya,Stramenopiles,Chromista,Bacillariophyta,Bacillariophyceae
TARA_ARC_108_MAG_00123,Group_06,Eukarya,Stramenopiles,Chromista,Ochrophyta,Pelagophyceae
TARA_ARC_108_MAG_00137,Group_04,Eukarya,Stramenopiles,Chromista,Bacillariophyta,Bacillariophyceae
TARA_ARC_108_MAG_00138,Group_04,Eukarya,Stramenopiles,Chromista,Bacillariophyta,Mediophyceae
TARA_ARC_108_MAG_00147,Group_05,Eukarya,Stramenopiles,Chromista,Heterokontophyta,Oomycota
TARA_ARC_108_MAG_00165,Group_04,Eukarya,Stramenopiles,Chromista,Bacillariophyta,Bacillariophyceae
TARA_ARC_108_MAG_00187,Group_04,Eukarya,Stramenopiles,Chromista,Bacillariophyta,Bacillariophyceae
TARA_ARC_108_MAG_00188,Group_05,Eukarya,Stramenopiles,Chromista,MAST-4,New_MAST-4
TARA_ARC_108_MAG_00189,Group_04,Eukarya,Stramenopiles,Chromista,Bacillariophyta,Mediophyceae
TARA_ARC_108_MAG_00209,Group_04,Eukarya,Stramenopiles,Chromista,Bacillariophyta,Mediophyceae
TARA_ARC_108_MAG_00212,Group_04,Eukarya,Stramenopiles,Chromista,Bacillariophyta,Bacillariophyceae
TARA_ARC_108_MAG_00215,Group_05,Eukarya,Stramenopiles,Chromista,Ochrophyta,Chrysophyceae
TARA_ARC_108_MAG_00217,Group_04,Eukarya,Stramenopiles,Chromista,Bacillariophyta,Mediophyceae
TARA_ARC_108_MAG_00219,Group_04,Eukarya,Stramenopiles,Chromista,Bacillariophyta,Mediophyceae
TARA_ARC_108_MAG_00220,Group_05,Eukarya,Stramenopiles,Chromista,MAST-4,New_MAST-4
TARA_ARC_108_MAG_00221,Group_05,Eukarya,Stramenopiles,Chromista,Ochrophyta,Bolidophyceae
TARA_ARC_108_MAG_00222,Group_04,Eukarya,Stramenopiles,Chromista,Bacillariophyta,NA
TARA_ARC_108_MAG_00223,Group_03,Eukarya,Opisthokonta,Animalia,NA,NA
TARA_ARC_108_MAG_00224,Group_05,Eukarya,Stramenopiles,Chromista,Ochrophyta,Chrysophyceae
TARA_ARC_108_MAG_00225,Group_03,Eukarya,Opisthokonta,Animalia,Chordata,NA
TARA_ARC_108_MAG_00226,Group_03,Eukarya,Opisthokonta,Animalia,NA,NA
TARA_ARC_108_MAG_00227,Group_03,Eukarya,Opisthokonta,Animalia,NA,NA
TARA_ARC_108_MAG_00228,Group_04,Eukarya,Stramenopiles,Chromista,Bacillariophyta,Bacillariophyceae
TARA_ARC_108_MAG_00229,Group_01,Eukarya,Opisthokonta,Animalia,Arthropoda,Hexanauplia
TARA_ARC_108_MAG_00230,Group_04,Eukarya,Stramenopiles,Chromista,Bacillariophyta,Bacillariophyceae
TARA_ARC_108_MAG_00231,Group_03,Eukarya,Opisthokonta,Animalia,NA,NA
TARA_ARC_108_MAG_00232,Group_04,Eukarya,Stramenopiles,Chromista,Bacillariophyta,Mediophyceae
TARA_ARC_108_MAG_00233,Group_04,Eukarya,Archaeplastida,Plantae,Chlorophyta,Mamiellophyceae
TARA_ARC_108_MAG_00234,Group_05,Eukarya,Stramenopiles,Chromista,Ochrophyta,Chrysophyceae
TARA_ARC_108_MAG_00235,Group_05,Eukarya,Stramenopiles,Chromista,Heterokontophyta,Oomycota
TARA_ARC_108_MAG_00236,Group_04,Eukarya,Alveolata,Chromista,MALV-I,MALV-I
TARA_ARC_108_MAG_00237,Group_05,Eukarya,Stramenopiles,Chromista,Heterokontophyta,Oomycota
TARA_ARC_108_MAG_00238,Group_04,Eukarya,Stramenopiles,Chromista,Bacillariophyta,NA
TARA_ARC_108_MAG_00239,Group_04,Eukarya,Stramenopiles,Chromista,Bacillariophyta,Mediophyceae
TARA_ARC_108_MAG_00240,Group_05,Eukarya,Opisthokonta,Protozoa,Choanozoa,Choanoflagellatea
TARA_ARC_108_MAG_00241,Group_05,Eukarya,Stramenopiles,Chromista,Bigyra,Bikosea
TARA_ARC_108_MAG_00242,Group_03,Eukarya,Opisthokonta,Animalia,NA,NA
TARA_ARC_108_MAG_00243,Group_05,Eukarya,Stramenopiles,Chromista,MAST-4,New_MAST-4
TARA_ARC_108_MAG_00244,Group_06,Eukarya,Cryptista,Chromista,Cryptophyta,Cryptophyceae
TARA_ARC_108_MAG_00245,Group_05,Eukarya,Stramenopiles,Chromista,Bigyra,Bikosea
TARA_ARC_108_MAG_00246,Group_06,Eukarya,Haptista,Chromista,Haptophyta,Prymnesiophyceae
TARA_ARC_108_MAG_00247,Group_05,Eukarya,Opisthokonta,Protozoa,Choanozoa,Choanoflagellatea
TARA_ARC_108_MAG_00248,Group_06,Eukarya,Haptista,Chromista,Haptophyta,Prymnesiophyceae
TARA_ARC_108_MAG_00249,Group_01,Eukarya,Opisthokonta,Animalia,Arthropoda,Hexanauplia
TARA_ARC_108_MAG_00250,Group_05,Eukarya,Opisthokonta,Protozoa,Choanozoa,Choanoflagellatea
TARA_ARC_108_MAG_00251,Group_03,Eukarya,Opisthokonta,Animalia,NA,NA
TARA_ARC_108_MAG_00252,Group_04,Eukarya,Stramenopiles,Chromista,Bacillariophyta,Mediophyceae
TARA_ARC_108_MAG_00253,Group_04,Eukarya,Stramenopiles,Chromista,Bacillariophyta,Mediophyceae
TARA_ARC_108_MAG_00254,Group_03,Eukarya,Opisthokonta,Animalia,NA,NA
TARA_ARC_108_MAG_00255,Group_05,Eukarya,Opisthokonta,Protozoa,Choanozoa,Choanoflagellatea
TARA_ARC_108_MAG_00256,Group_06,Eukarya,Stramenopiles,Chromista,Ochrophyta,Dictyochophyceae
TARA_ARC_108_MAG_00257,Group_05,Eukarya,Opisthokonta,Protozoa,Choanozoa,Choanoflagellatea
TARA_ARC_108_MAG_00258,Group_01,Eukarya,Opisthokonta,Animalia,Arthropoda,Hexanauplia
TARA_ARC_108_MAG_00259,Group_06,Eukarya,Haptista,Chromista,Haptophyta,Prymnesiophyceae
TARA_ARC_108_MAG_00260,Group_05,Eukarya,Opisthokonta,Protozoa,Choanozoa,Choanoflagellatea
TARA_ARC_108_MAG_00261,Group_05,Eukarya,Stramenopiles,Chromista,Ochrophyta,Chrysophyceae
TARA_ARC_108_MAG_00262,Group_06,Eukarya,Stramenopiles,Chromista,Ochrophyta,Dictyochophyceae
TARA_ARC_108_MAG_00263,Group_06,Eukarya,Stramenopiles,Chromista,Ochrophyta,Pelagophyceae
TARA_ARC_108_MAG_00264,Group_04,Eukarya,Archaeplastida,Plantae,Chlorophyta,Mamiellophyceae
TARA_ARC_108_MAG_00265,Group_01,Eukarya,Opisthokonta,Animalia,Arthropoda,Hexanauplia
TARA_ARC_108_MAG_00266,Group_05,Eukarya,Stramenopiles,Chromista,Sister_MAST-4,Sister_MAST-4
TARA_ARC_108_MAG_00267,Group_04,Eukarya,Stramenopiles,Chromista,Bacillariophyta,Mediophyceae
TARA_ARC_108_MAG_00268,Group_06,Eukarya,Haptista,Chromista,Haptophyta,Prymnesiophyceae
TARA_ARC_108_MAG_00269,Group_04,Eukarya,Stramenopiles,Chromista,Bacillariophyta,Mediophyceae
TARA_ARC_108_MAG_00270,Group_01,Eukarya,Opisthokonta,Animalia,Arthropoda,Hexanauplia
TARA_ARC_108_MAG_00271,Group_03,Eukarya,Opisthokonta,Animalia,NA,NA
TARA_ARC_108_MAG_00272,Group_06,Eukarya,Stramenopiles,Chromista,Ochrophyta,Dictyochophyceae
TARA_ARC_108_MAG_00273,Group_02,Eukarya,Alveolata,Chromista,Ciliophora,Oligotrichea
TARA_ARC_108_MAG_00274,Group_02,Eukarya,Alveolata,Chromista,Ciliophora,Colpodea
TARA_ARC_108_MAG_00275,Group_06,Eukarya,Haptista,Chromista,Haptophyta,Prymnesiophyceae
TARA_ARC_108_MAG_00276,Group_04,Eukarya,Stramenopiles,Chromista,Bacillariophyta,Bacillariophyceae
TARA_ARC_108_MAG_00277,Group_02,Eukarya,Alveolata,Chromista,Ciliophora,Oligotrichea
TARA_ARC_108_MAG_00278,Group_05,Eukarya,Cryptista,Chromista,Sister_Cryptophyta,Sister_Cryptophyta
TARA_ARC_108_MAG_00279,Group_05,Eukarya,Cryptista,Chromista,Sister_Cryptophyta,Sister_Cryptophyta
TARA_ARC_108_MAG_00280,Group_01,Eukarya,Opisthokonta,Animalia,Arthropoda,Hexanauplia
TARA_ARC_108_MAG_00281,Group_05,Eukarya,Cryptista,Chromista,Sister_Cryptophyta,Sister_Cryptophyta
TARA_ARC_108_MAG_00282,Group_01,Eukarya,Opisthokonta,Animalia,Arthropoda,Hexanauplia
TARA_ARC_108_MAG_00283,Group_02,Eukarya,Alveolata,Chromista,Ciliophora,NA
TARA_ARC_108_MAG_00284,Group_01,Eukarya,Opisthokonta,Animalia,Arthropoda,Hexanauplia
TARA_ARC_108_MAG_00285,Group_01,Eukarya,Opisthokonta,Animalia,Arthropoda,Hexanauplia
TARA_ARC_108_MAG_00286,Group_04,Eukarya,Stramenopiles,Chromista,Bacillariophyta,Bacillariophyceae
TARA_ARC_108_MAG_00287,Group_01,Eukarya,Opisthokonta,Animalia,Arthropoda,Hexanauplia
TARA_ARC_108_MAG_00288,Group_01,Eukarya,Opisthokonta,Animalia,Arthropoda,Hexanauplia
TARA_ARC_108_MAG_00289,Group_06,Eukarya,Haptista,Chromista,Haptophyta,Prymnesiophyceae
TARA_ARC_108_MAG_00290,Group_01,Eukarya,Opisthokonta,Animalia,Arthropoda,Hexanauplia
TARA_ARC_108_MAG_00291,Group_05,Eukarya,Cryptista,Chromista,Sister_Cryptophyta,Sister_Cryptophyta
TARA_ARC_108_MAG_00292,Group_01,Eukarya,Opisthokonta,Animalia,Arthropoda,Hexanauplia
TARA_ARC_108_MAG_00293,Group_01,Eukarya,Opisthokonta,Animalia,NA,NA
TARA_ARC_108_MAG_00294,Group_02,Eukarya,Alveolata,Chromista,Ciliophora,NA
TARA_ARC_108_MAG_00295,Group_01,Eukarya,Opisthokonta,Animalia,Arthropoda,Hexanauplia
TARA_ARC_108_MAG_00296,Group_02,Eukarya,Alveolata,Chromista,Ciliophora,Oligotrichea
TARA_ARC_108_MAG_00297,Group_01,Eukarya,Opisthokonta,Animalia,Arthropoda,Hexanauplia
TARA_ARC_108_MAG_00298,Group_02,Eukarya,Alveolata,Chromista,Ciliophora,Oligotrichea
TARA_ARC_108_MAG_00299,Group_02,Eukarya,Alveolata,Chromista,Ciliophora,NA
TARA_ARC_108_MAG_00300,Group_03,Eukarya,Opisthokonta,Animalia,NA,NA
TARA_ARC_108_MAG_00301,Group_02,Eukarya,Alveolata,Chromista,Ciliophora,Oligotrichea
TARA_ARC_108_MAG_00302,Group_02,Eukarya,Alveolata,Chromista,Ciliophora,Oligotrichea
TARA_ARC_108_MAG_00303,Group_06,Eukarya,Haptista,Chromista,Haptophyta,Prymnesiophyceae
TARA_ARC_108_MAG_00304,Group_01,Eukarya,Opisthokonta,Animalia,Arthropoda,Hexanauplia
TARA_ARC_108_MAG_00305,Group_02,Eukarya,Alveolata,Chromista,Ciliophora,NA
TARA_ARC_108_MAG_00306,Group_02,Eukarya,Alveolata,Chromista,Ciliophora,Colpodea
TARA_ARC_108_MAG_00307,Group_03,Eukarya,Opisthokonta,Animalia,NA,NA
TARA_ARC_108_MAG_00308,Group_01,Eukarya,Opisthokonta,Animalia,Arthropoda,Hexanauplia
TARA_ARC_108_MAG_00309,Group_02,Eukarya,Alveolata,Chromista,Ciliophora,Oligotrichea
TARA_ARC_108_MAG_00310,Group_06,Eukarya,Stramenopiles,Chromista,Ochrophyta,Dictyochophyceae
TARA_ARC_108_MAG_00311,Group_02,Eukarya,Alveolata,Chromista,Ciliophora,Oligotrichea
TARA_ARC_108_MAG_00312,Group_06,Eukarya,Cryptista,Chromista,Cryptophyta,Cryptophyceae
TARA_ARC_108_MAG_00313,Group_04,Eukarya,Stramenopiles,Chromista,Bacillariophyta,Mediophyceae
TARA_ARC_108_MAG_00314,Group_06,Eukarya,Haptista,Chromista,Haptophyta,NA
TARA_ARC_108_MAG_00315,Group_06,Eukarya,Haptista,Chromista,Haptophyta,Prymnesiophyceae
TARA_ARC_108_MAG_00316,Group_03,Eukarya,Opisthokonta,Animalia,Chordata,Appendicularia
TARA_ARC_108_MAG_00317,Group_05,Eukarya,Cryptista,Chromista,Sister_Cryptophyta,Sister_Cryptophyta
TARA_ARC_108_MAG_00318,Group_03,Eukarya,Opisthokonta,Animalia,Chordata,Appendicularia
TARA_ARC_108_MAG_00319,Group_06,Eukarya,Haptista,Chromista,Haptophyta,Prymnesiophyceae
TARA_ARC_108_MAG_00320,Group_06,Eukarya,Haptista,Chromista,Haptophyta,Prymnesiophyceae
TARA_ARC_108_MAG_00321,Group_02,Eukarya,Alveolata,Chromista,Ciliophora,Oligotrichea
TARA_ARC_108_MAG_00322,Group_02,Eukarya,Alveolata,Chromista,Ciliophora,Oligotrichea
TARA_ARC_108_MAG_00323,Group_06,Eukarya,Haptista,Chromista,Haptophyta,Prymnesiophyceae
TARA_ARC_108_MAG_00324,Group_06,Eukarya,Haptista,Chromista,Haptophyta,Prymnesiophyceae
TARA_ARC_108_MAG_00325,Group_05,Eukarya,Cryptista,Chromista,Sister_Cryptophyta,Sister_Cryptophyta
TARA_ARC_108_MAG_00326,Group_06,Eukarya,Haptista,Chromista,Haptophyta,Prymnesiophyceae
TARA_ASE_2028_MAG_00032,Group_04,Eukarya,Archaeplastida,Plantae,Chlorophyta,Mamiellophyceae
TARA_ASW_2018_MAG_00036,Group_06,Eukarya,Haptista,Chromista,Haptophyta,Prymnesiophyceae
TARA_ASW_2018_MAG_00042,Group_06,Eukarya,Stramenopiles,Chromista,Ochrophyta,Dictyochophyceae
TARA_ION_45_MAG_00010,Group_04,Eukarya,Archaeplastida,Plantae,Chlorophyta,Mamiellophyceae
TARA_ION_45_MAG_00030,Group_04,Eukarya,Archaeplastida,Plantae,Chlorophyta,Mamiellophyceae
TARA_ION_45_MAG_00143,Group_04,Eukarya,Archaeplastida,Plantae,Chlorophyta,Mamiellophyceae
TARA_ION_45_MAG_00145,Group_05,Eukarya,Stramenopiles,Chromista,MAST-4,New_MAST-4
TARA_ION_45_MAG_00146,Group_05,Eukarya,Stramenopiles,Chromista,Bigyra,Bikosea
TARA_ION_45_MAG_00147,Group_05,Eukarya,Stramenopiles,Chromista,Bigyra,Bikosea
TARA_ION_45_MAG_00149,Group_01,Eukarya,Opisthokonta,Animalia,Arthropoda,Hexanauplia
TARA_ION_45_MAG_00152,Group_06,Eukarya,Haptista,Chromista,Haptophyta,Prymnesiophyceae
TARA_ION_45_MAG_00153,Group_04,Eukarya,Archaeplastida,Plantae,Chlorophyta,Mamiellophyceae
TARA_ION_45_MAG_00154,Group_06,Eukarya,Haptista,Chromista,Haptophyta,Prymnesiophyceae
TARA_ION_45_MAG_00155,Group_01,Eukarya,Opisthokonta,Animalia,Arthropoda,Hexanauplia
TARA_ION_45_MAG_00156,Group_04,Eukarya,Archaeplastida,Plantae,Chlorophyta,Chloropicophyceae
TARA_ION_45_MAG_00159,Group_01,Eukarya,Opisthokonta,Animalia,Arthropoda,Hexanauplia
TARA_ION_45_MAG_00160,Group_06,Eukarya,Stramenopiles,Chromista,Ochrophyta,Dictyochophyceae
TARA_ION_45_MAG_00162,Group_05,Eukarya,Stramenopiles,Chromista,Heterokontophyta,Oomycota
TARA_ION_45_MAG_00163,Group_04,Eukarya,Archaeplastida,Plantae,Chlorophyta,Sister_Pycnococcus
TARA_ION_45_MAG_00164,Group_01,Eukarya,Opisthokonta,Animalia,Arthropoda,Hexanauplia
TARA_ION_45_MAG_00165,Group_05,Eukarya,Cryptista,Chromista,Sister_Cryptophyta,Sister_Cryptophyta
TARA_ION_45_MAG_00166,Group_01,Eukarya,Opisthokonta,Animalia,Arthropoda,Hexanauplia
TARA_ION_45_MAG_00167,Group_01,Eukarya,Opisthokonta,Animalia,Arthropoda,Hexanauplia
TARA_ION_45_MAG_00168,Group_06,Eukarya,Haptista,Chromista,Haptophyta,Prymnesiophyceae
TARA_ION_45_MAG_00169,Group_06,Eukarya,Haptista,Chromista,Haptophyta,Prymnesiophyceae
TARA_ION_45_MAG_00170,Group_05,Eukarya,Stramenopiles,Chromista,Ochrophyta,Chrysophyceae
TARA_ION_45_MAG_00171,Group_01,Eukarya,Opisthokonta,Animalia,Arthropoda,Hexanauplia
TARA_ION_45_MAG_00172,Group_03,Eukarya,Opisthokonta,Animalia,Chordata,Appendicularia
TARA_ION_45_MAG_00173,Group_01,Eukarya,Opisthokonta,Animalia,Arthropoda,Hexanauplia
TARA_ION_45_MAG_00175,Group_01,Eukarya,Opisthokonta,Animalia,Arthropoda,Hexanauplia
TARA_ION_45_MAG_00176,Group_03,Eukarya,Opisthokonta,Animalia,Chordata,Appendicularia
TARA_ION_45_MAG_00177,Group_06,Eukarya,Stramenopiles,Chromista,Ochrophyta,Dictyochophyceae
TARA_ION_45_MAG_00178,Group_01,Eukarya,Opisthokonta,Animalia,Arthropoda,Hexanauplia
TARA_ION_45_MAG_00179,Group_01,Eukarya,Opisthokonta,Animalia,Arthropoda,Hexanauplia
TARA_ION_45_MAG_00180,Group_01,Eukarya,Opisthokonta,Animalia,Chordata,Appendicularia
TARA_ION_45_MAG_00181,Group_01,Eukarya,Opisthokonta,Animalia,Arthropoda,Hexanauplia
TARA_ION_45_MAG_00182,Group_01,Eukarya,Opisthokonta,Animalia,Arthropoda,Hexanauplia
TARA_ION_45_MAG_00184,Group_01,Eukarya,Opisthokonta,Animalia,Arthropoda,Hexanauplia
TARA_ION_45_MAG_00185,Group_03,Eukarya,Opisthokonta,Animalia,Chordata,Appendicularia
TARA_ION_45_MAG_00186,Group_01,Eukarya,Opisthokonta,Animalia,Arthropoda,Hexanauplia
TARA_ION_45_MAG_00187,Group_06,Eukarya,Cryptista,Chromista,Cryptophyta,Cryptophyceae
TARA_ION_45_MAG_00188,Group_01,Eukarya,Opisthokonta,Animalia,Arthropoda,Hexanauplia
TARA_ION_45_MAG_00189,Group_01,Eukarya,Opisthokonta,Animalia,Arthropoda,Hexanauplia
TARA_ION_45_MAG_00190,Group_01,Eukarya,Opisthokonta,Animalia,NA,NA
TARA_ION_45_MAG_00191,Group_01,Eukarya,Opisthokonta,Animalia,Arthropoda,Hexanauplia
TARA_ION_45_MAG_00192,Group_03,Eukarya,Opisthokonta,Animalia,Chordata,Appendicularia
TARA_ION_45_MAG_00193,Group_01,Eukarya,Opisthokonta,Animalia,Arthropoda,Hexanauplia
TARA_ION_45_MAG_00194,Group_05,Eukarya,Stramenopiles,Chromista,Ochrophyta,Chrysophyceae
TARA_ION_45_MAG_00195,Group_01,Eukarya,Opisthokonta,Animalia,NA,NA
TARA_ION_45_MAG_00196,Group_01,Eukarya,Opisthokonta,Animalia,Arthropoda,Hexanauplia
TARA_ION_45_MAG_00198,Group_03,Eukarya,Opisthokonta,Animalia,Chordata,Appendicularia
TARA_ION_45_MAG_00199,Group_01,Eukarya,Opisthokonta,Animalia,Arthropoda,Hexanauplia
TARA_ION_45_MAG_00200,Group_04,Eukarya,Archaeplastida,Plantae,Chlorophyta,NA
TARA_ION_45_MAG_00201,Group_06,Eukarya,Haptista,Chromista,Haptophyta,Prymnesiophyceae
TARA_IOS_50_MAG_00056,Group_04,Eukarya,Stramenopiles,Chromista,Bacillariophyta,Bacillariophyceae
TARA_IOS_50_MAG_00065,Group_04,Eukarya,Archaeplastida,Plantae,Chlorophyta,Mamiellophyceae
TARA_IOS_50_MAG_00098,Group_05,Eukarya,Stramenopiles,Chromista,MAST-4,New_MAST-4
TARA_IOS_50_MAG_00114,Group_04,Eukarya,Archaeplastida,Plantae,Chlorophyta,Chloropicophyceae
TARA_IOS_50_MAG_00115,Group_04,Eukarya,Stramenopiles,Chromista,Bacillariophyta,Bacillariophyceae
TARA_IOS_50_MAG_00124,Group_06,Eukarya,Stramenopiles,Chromista,Ochrophyta,Pelagophyceae
TARA_IOS_50_MAG_00125,Group_04,Eukarya,Stramenopiles,Chromista,Bacillariophyta,Bacillariophyceae
TARA_IOS_50_MAG_00127,Group_06,Eukarya,Stramenopiles,Chromista,Ochrophyta,Pelagophyceae
TARA_IOS_50_MAG_00132,Group_01,Eukarya,Opisthokonta,Animalia,Arthropoda,Hexanauplia
TARA_IOS_50_MAG_00134,Group_06,Eukarya,Haptista,Chromista,Haptophyta,Prymnesiophyceae
TARA_IOS_50_MAG_00135,Group_06,Eukarya,Stramenopiles,Chromista,Ochrophyta,Dictyochophyceae
TARA_IOS_50_MAG_00136,Group_01,Eukarya,Opisthokonta,Animalia,Arthropoda,Hexanauplia
TARA_IOS_50_MAG_00137,Group_02,Eukarya,Alveolata,Chromista,Ciliophora,NA
TARA_IOS_50_MAG_00138,Group_01,Eukarya,Opisthokonta,Animalia,Arthropoda,Hexanauplia
TARA_IOS_50_MAG_00139,Group_01,Eukarya,Opisthokonta,Animalia,Arthropoda,Hexanauplia
TARA_IOS_50_MAG_00142,Group_06,Eukarya,Haptista,Chromista,Haptophyta,Prymnesiophyceae
TARA_IOS_50_MAG_00143,Group_01,Eukarya,Opisthokonta,Animalia,Arthropoda,Hexanauplia
TARA_IOS_50_MAG_00144,Group_04,Eukarya,Amoebozoa,Chromista,NA,NA
TARA_IOS_50_MAG_00146,Group_01,Eukarya,Opisthokonta,Animalia,Arthropoda,Hexanauplia
TARA_IOS_50_MAG_00149,Group_05,Eukarya,Stramenopiles,Chromista,Heterokontophyta,Oomycota
TARA_IOS_50_MAG_00150,Group_03,Eukarya,Opisthokonta,Animalia,Chordata,Appendicularia
TARA_IOS_50_MAG_00152,Group_01,Eukarya,Opisthokonta,Animalia,Arthropoda,Hexanauplia
TARA_IOS_50_MAG_00153,Group_01,Eukarya,Opisthokonta,Animalia,Arthropoda,Hexanauplia
TARA_IOS_50_MAG_00154,Group_01,Eukarya,Opisthokonta,Animalia,Arthropoda,Hexanauplia
TARA_IOS_50_MAG_00155,Group_02,Eukarya,Alveolata,Chromista,Ciliophora,Colpodea
TARA_IOS_50_MAG_00158,Group_02,Eukarya,Alveolata,Chromista,Ciliophora,Oligotrichea
TARA_IOS_50_MAG_00159,Group_03,Eukarya,Opisthokonta,Animalia,Chordata,Appendicularia
TARA_IOS_50_MAG_00161,Group_01,Eukarya,Opisthokonta,Animalia,Arthropoda,Hexanauplia
TARA_IOS_50_MAG_00162,Group_01,Eukarya,Opisthokonta,Animalia,Arthropoda,Hexanauplia
TARA_IOS_50_MAG_00163,Group_03,Eukarya,Opisthokonta,Animalia,Chordata,Appendicularia
TARA_IOS_50_MAG_00164,Group_01,Eukarya,Opisthokonta,Animalia,Arthropoda,Hexanauplia
TARA_IOS_50_MAG_00166,Group_01,Eukarya,Opisthokonta,Animalia,Arthropoda,Hexanauplia
TARA_IOS_50_MAG_00167,Group_03,Eukarya,Opisthokonta,Animalia,Chordata,Appendicularia
TARA_IOS_2018_MAG_00068,Group_06,Eukarya,Haptista,Chromista,Haptophyta,Prymnesiophyceae
TARA_MED_95_MAG_00198,Group_04,Eukarya,Archaeplastida,Plantae,Chlorophyta,Mamiellophyceae
TARA_MED_95_MAG_00216,Group_04,Eukarya,Archaeplastida,Plantae,Chlorophyta,Sister_Pycnococcus
TARA_MED_95_MAG_00273,Group_05,Eukarya,Stramenopiles,Chromista,Heterokontophyta,Oomycota
TARA_MED_95_MAG_00308,Group_04,Eukarya,Archaeplastida,Plantae,Chlorophyta,Mamiellophyceae
TARA_MED_95_MAG_00362,Group_05,Eukarya,Stramenopiles,Chromista,Ochrophyta,Chrysophyceae
TARA_MED_95_MAG_00378,Group_05,Eukarya,Stramenopiles,Chromista,MAST-4,New_MAST-4
TARA_MED_95_MAG_00389,Group_05,Eukarya,Stramenopiles,Chromista,Ochrophyta,Chrysophyceae
TARA_MED_95_MAG_00390,Group_04,Eukarya,Archaeplastida,Plantae,Chlorophyta,Mamiellophyceae
TARA_MED_95_MAG_00393,Group_06,Eukarya,Haptista,Chromista,Haptophyta,Prymnesiophyceae
TARA_MED_95_MAG_00394,Group_04,Eukarya,Stramenopiles,Chromista,Bacillariophyta,Mediophyceae
TARA_MED_95_MAG_00395,Group_06,Eukarya,Haptista,Chromista,Haptophyta,Prymnesiophyceae
TARA_MED_95_MAG_00396,Group_06,Eukarya,Stramenopiles,Chromista,Ochrophyta,Dictyochophyceae
TARA_MED_95_MAG_00397,Group_05,Eukarya,Stramenopiles,Chromista,MAST-4,New_MAST-4
TARA_MED_95_MAG_00398,Group_05,Eukarya,Stramenopiles,Chromista,Ochrophyta,Chrysophyceae
TARA_MED_95_MAG_00399,Group_04,Eukarya,Stramenopiles,Chromista,Bacillariophyta,Mediophyceae
TARA_MED_95_MAG_00400,Group_05,Eukarya,Cryptista,Chromista,Sister_Cryptophyta,Sister_Cryptophyta
TARA_MED_95_MAG_00402,Group_06,Eukarya,Rhizaria,Chromista,Cercozoa,Chlorarachniophyceae
TARA_MED_95_MAG_00403,Group_06,Eukarya,Haptista,Chromista,Haptophyta,Prymnesiophyceae
TARA_MED_95_MAG_00404,Group_01,Eukarya,Opisthokonta,Animalia,Arthropoda,Hexanauplia
TARA_MED_95_MAG_00405,Group_01,Eukarya,Opisthokonta,Animalia,Arthropoda,Hexanauplia
TARA_MED_95_MAG_00407,Group_05,Eukarya,Stramenopiles,Chromista,Ochrophyta,Chrysophyceae
TARA_MED_95_MAG_00408,Group_05,Eukarya,Stramenopiles,Chromista,Heterokontophyta,Oomycota
TARA_MED_95_MAG_00409,Group_06,Eukarya,Stramenopiles,Chromista,Ochrophyta,Dictyochophyceae
TARA_MED_95_MAG_00410,Group_01,Eukarya,Opisthokonta,Animalia,Arthropoda,Hexanauplia
TARA_MED_95_MAG_00413,Group_05,Eukarya,Stramenopiles,Chromista,Ochrophyta,Eustigmatophyceae
TARA_MED_95_MAG_00414,Group_01,Eukarya,Opisthokonta,Animalia,Arthropoda,Hexanauplia
TARA_MED_95_MAG_00415,Group_05,Eukarya,Stramenopiles,Chromista,Ochrophyta,Chrysophyceae
TARA_MED_95_MAG_00416,Group_03,Eukarya,Opisthokonta,Animalia,NA,NA
TARA_MED_95_MAG_00417,Group_05,Eukarya,Stramenopiles,Chromista,Heterokontophyta,Oomycota
TARA_MED_95_MAG_00418,Group_01,Eukarya,Opisthokonta,Animalia,Arthropoda,Hexanauplia
TARA_MED_95_MAG_00419,Group_04,Eukarya,Archaeplastida,Plantae,Chlorophyta,Pyramimonadophyceae
TARA_MED_95_MAG_00420,Group_05,Eukarya,Opisthokonta,Protozoa,Choanozoa,Choanoflagellatea
TARA_MED_95_MAG_00421,Group_04,Eukarya,Archaeplastida,Plantae,Chlorophyta,Mamiellophyceae
TARA_MED_95_MAG_00422,Group_05,Eukarya,Stramenopiles,Chromista,Ochrophyta,Chrysophyceae
TARA_MED_95_MAG_00423,Group_05,Eukarya,Stramenopiles,Chromista,Bigyra,Bikosea
TARA_MED_95_MAG_00424,Group_04,Eukarya,Stramenopiles,Chromista,Bacillariophyta,Bacillariophyceae
TARA_MED_95_MAG_00425,Group_06,Eukarya,Stramenopiles,Chromista,Ochrophyta,Dictyochophyceae
TARA_MED_95_MAG_00428,Group_05,Eukarya,Stramenopiles,Chromista,Ochrophyta,Chrysophyceae
TARA_MED_95_MAG_00430,Group_06,Eukarya,Haptista,Chromista,Haptophyta,Prymnesiophyceae
TARA_MED_95_MAG_00431,Group_03,Eukarya,Opisthokonta,Animalia,NA,NA
TARA_MED_95_MAG_00432,Group_01,Eukarya,Opisthokonta,Animalia,Arthropoda,Hexanauplia
TARA_MED_95_MAG_00433,Group_06,Eukarya,Haptista,Chromista,Haptophyta,Prymnesiophyceae
TARA_MED_95_MAG_00434,Group_05,Eukarya,Stramenopiles,Chromista,Ochrophyta,Chrysophyceae
TARA_MED_95_MAG_00435,Group_05,Eukarya,Opisthokonta,Protozoa,Choanozoa,Choanoflagellatea
TARA_MED_95_MAG_00436,Group_01,Eukarya,Opisthokonta,Animalia,Arthropoda,Hexanauplia
TARA_MED_95_MAG_00437,Group_05,Eukarya,Cryptista,Chromista,Sister_Cryptophyta,Sister_Cryptophyta
TARA_MED_95_MAG_00438,Group_06,Eukarya,Haptista,Chromista,Haptophyta,Prymnesiophyceae
TARA_MED_95_MAG_00439,Group_06,Eukarya,Haptista,Chromista,Haptophyta,Prymnesiophyceae
TARA_MED_95_MAG_00440,Group_01,Eukarya,Opisthokonta,Animalia,Arthropoda,Hexanauplia
TARA_MED_95_MAG_00441,Group_01,Eukarya,Opisthokonta,Animalia,Arthropoda,Hexanauplia
TARA_MED_95_MAG_00442,Group_06,Eukarya,Haptista,Chromista,Haptophyta,Prymnesiophyceae
TARA_MED_95_MAG_00443,Group_06,Eukarya,Stramenopiles,Chromista,Ochrophyta,Dictyochophyceae
TARA_MED_95_MAG_00444,Group_06,Eukarya,Haptista,Chromista,Haptophyta,Prymnesiophyceae
TARA_MED_95_MAG_00445,Group_02,Eukarya,Alveolata,Chromista,Ciliophora,NA
TARA_MED_95_MAG_00446,Group_01,Eukarya,Opisthokonta,Animalia,Arthropoda,Hexanauplia
TARA_MED_95_MAG_00447,Group_04,Eukarya,Archaeplastida,Plantae,Chlorophyta,Mamiellophyceae
TARA_MED_95_MAG_00448,Group_01,Eukarya,Opisthokonta,Animalia,Arthropoda,Hexanauplia
TARA_MED_95_MAG_00449,Group_05,Eukarya,Stramenopiles,Chromista,Heterokontophyta,Oomycota
TARA_MED_95_MAG_00450,Group_03,Eukarya,Opisthokonta,Animalia,Chordata,NA
TARA_MED_95_MAG_00451,Group_01,Eukarya,Opisthokonta,Animalia,Arthropoda,Hexanauplia
TARA_MED_95_MAG_00452,Group_01,Eukarya,Opisthokonta,Animalia,Arthropoda,Hexanauplia
TARA_MED_95_MAG_00453,Group_06,Eukarya,Haptista,Chromista,Haptophyta,Prymnesiophyceae
TARA_MED_95_MAG_00454,Group_01,Eukarya,Opisthokonta,Animalia,Arthropoda,Hexanauplia
TARA_MED_95_MAG_00455,Group_03,Eukarya,Opisthokonta,Animalia,Chordata,Appendicularia
TARA_MED_95_MAG_00456,Group_03,Eukarya,Opisthokonta,Animalia,Chordata,Appendicularia
TARA_MED_95_MAG_00457,Group_03,Eukarya,Opisthokonta,Animalia,Chordata,Appendicularia
TARA_MED_95_MAG_00458,Group_06,Eukarya,Haptista,Chromista,Haptophyta,Prymnesiophyceae
TARA_MED_95_MAG_00459,Group_01,Eukarya,Opisthokonta,Animalia,Arthropoda,Hexanauplia
TARA_MED_95_MAG_00460,Group_01,Eukarya,Opisthokonta,Animalia,Arthropoda,Hexanauplia
TARA_MED_95_MAG_00461,Group_01,Eukarya,Opisthokonta,Animalia,Arthropoda,Hexanauplia
TARA_MED_95_MAG_00462,Group_04,Eukarya,Archaeplastida,Plantae,Chlorophyta,Chloropicophyceae
TARA_MED_95_MAG_00463,Group_01,Eukarya,Opisthokonta,Animalia,Arthropoda,Crustacea
TARA_MED_95_MAG_00464,Group_05,Eukarya,Stramenopiles,Chromista,New_Stramenopiles,New_Stramenopiles
TARA_MED_95_MAG_00465,Group_03,Eukarya,Opisthokonta,Animalia,Chordata,Appendicularia
TARA_MED_95_MAG_00466,Group_01,Eukarya,Opisthokonta,Animalia,Arthropoda,Hexanauplia
TARA_MED_95_MAG_00467,Group_04,Eukarya,Stramenopiles,Chromista,Bacillariophyta,Coscinodiscophyceae
TARA_MED_95_MAG_00469,Group_06,Eukarya,Haptista,Chromista,Haptophyta,Prymnesiophyceae
TARA_MED_95_MAG_00470,Group_05,Eukarya,Stramenopiles,Chromista,Ochrophyta,Chrysophyceae
TARA_MED_95_MAG_00472,Group_01,Eukarya,Opisthokonta,Animalia,Arthropoda,Hexanauplia
TARA_MED_95_MAG_00473,Group_03,Eukarya,Opisthokonta,Animalia,NA,NA
TARA_MED_95_MAG_00474,Group_01,Eukarya,Opisthokonta,Animalia,Arthropoda,Hexanauplia
TARA_MED_95_MAG_00475,Group_06,Eukarya,Stramenopiles,Chromista,Ochrophyta,Dictyochophyceae
TARA_MED_95_MAG_00476,Group_01,Eukarya,Opisthokonta,Animalia,Arthropoda,Hexanauplia
TARA_MED_95_MAG_00477,Group_01,Eukarya,Opisthokonta,Animalia,Arthropoda,Hexanauplia
TARA_MED_95_MAG_00478,Group_01,Eukarya,Opisthokonta,Animalia,NA,NA
TARA_MED_95_MAG_00479,Group_03,Eukarya,Opisthokonta,Animalia,Chordata,Appendicularia
TARA_MED_95_MAG_00480,Group_01,Eukarya,Opisthokonta,Animalia,Arthropoda,Hexanauplia
TARA_MED_95_MAG_00481,Group_05,Eukarya,Stramenopiles,Chromista,Bigyra,Bikosea
TARA_MED_95_MAG_00482,Group_01,Eukarya,Opisthokonta,Animalia,Arthropoda,Hexanauplia
TARA_MED_95_MAG_00483,Group_01,Eukarya,Opisthokonta,Animalia,Arthropoda,Hexanauplia
TARA_MED_95_MAG_00484,Group_01,Eukarya,Opisthokonta,Animalia,Arthropoda,Hexanauplia
TARA_MED_95_MAG_00485,Group_01,Eukarya,Opisthokonta,Animalia,Arthropoda,Hexanauplia
TARA_MED_95_MAG_00486,Group_03,Eukarya,Opisthokonta,Animalia,Chordata,Appendicularia
TARA_MED_95_MAG_00488,Group_05,Eukarya,Stramenopiles,Chromista,Heterokontophyta,Oomycota
TARA_MED_95_MAG_00490,Group_01,Eukarya,Opisthokonta,Animalia,Arthropoda,Hexanauplia
TARA_MED_95_MAG_00491,Group_01,Eukarya,Opisthokonta,Animalia,NA,NA
TARA_MED_95_MAG_00492,Group_06,Eukarya,Haptista,Chromista,Haptophyta,Prymnesiophyceae
TARA_MED_95_MAG_00493,Group_01,Eukarya,Opisthokonta,Animalia,Arthropoda,Hexanauplia
TARA_MED_95_MAG_00494,Group_01,Eukarya,Opisthokonta,Animalia,Arthropoda,Hexanauplia
TARA_MED_95_MAG_00495,Group_01,Eukarya,Opisthokonta,Animalia,Arthropoda,Hexanauplia
TARA_MED_95_MAG_00496,Group_01,Eukarya,Opisthokonta,Animalia,Arthropoda,Hexanauplia
TARA_MED_95_MAG_00497,Group_01,Eukarya,Opisthokonta,Animalia,Arthropoda,Hexanauplia
TARA_MED_95_MAG_00498,Group_01,Eukarya,Opisthokonta,Animalia,Arthropoda,Hexanauplia
TARA_MED_95_MAG_00499,Group_01,Eukarya,Opisthokonta,Animalia,Arthropoda,Hexanauplia
TARA_MED_95_MAG_00500,Group_03,Eukarya,Opisthokonta,Animalia,NA,NA
TARA_MED_95_MAG_00501,Group_01,Eukarya,Opisthokonta,Animalia,Arthropoda,Hexanauplia
TARA_MED_95_MAG_00502,Group_01,Eukarya,Opisthokonta,Animalia,Arthropoda,Hexanauplia
TARA_MED_95_MAG_00503,Group_01,Eukarya,Opisthokonta,Animalia,Arthropoda,Hexanauplia
TARA_MED_95_MAG_00504,Group_05,Eukarya,Stramenopiles,Chromista,Bigyra,Bikosea
TARA_MED_95_MAG_00505,Group_01,Eukarya,Opisthokonta,Animalia,Arthropoda,Hexanauplia
TARA_MED_95_MAG_00506,Group_01,Eukarya,Opisthokonta,Animalia,Arthropoda,Hexanauplia
TARA_MED_95_MAG_00507,Group_03,Eukarya,Opisthokonta,Animalia,Chordata,Appendicularia
TARA_MED_95_MAG_00508,Group_01,Eukarya,Opisthokonta,Animalia,Arthropoda,Hexanauplia
TARA_MED_95_MAG_00509,Group_01,Eukarya,Opisthokonta,Animalia,Arthropoda,Hexanauplia
TARA_MED_95_MAG_00510,Group_01,Eukarya,Opisthokonta,Animalia,Arthropoda,Hexanauplia
TARA_MED_95_MAG_00511,Group_05,Eukarya,Stramenopiles,Chromista,Bigyra,Bikosea
TARA_MED_95_MAG_00512,Group_01,Eukarya,Opisthokonta,Animalia,Arthropoda,Hexanauplia
TARA_MED_95_MAG_00513,Group_01,Eukarya,Opisthokonta,Animalia,Arthropoda,Hexanauplia
TARA_MED_95_MAG_00514,Group_02,Eukarya,Alveolata,Chromista,Ciliophora,Oligotrichea
TARA_MED_95_MAG_00515,Group_06,Eukarya,Haptista,Chromista,Haptophyta,Prymnesiophyceae
TARA_MED_95_MAG_00516,Group_02,Eukarya,Alveolata,Chromista,Ciliophora,Oligotrichea
TARA_MED_95_MAG_00518,Group_01,Eukarya,Opisthokonta,Animalia,Arthropoda,Hexanauplia
TARA_MED_95_MAG_00519,Group_01,Eukarya,Opisthokonta,Animalia,Arthropoda,Hexanauplia
TARA_MED_95_MAG_00520,Group_01,Eukarya,Opisthokonta,Animalia,Arthropoda,Hexanauplia
TARA_MED_95_MAG_00521,Group_01,Eukarya,Opisthokonta,Animalia,Arthropoda,Crustacea
TARA_PON_109_MAG_00124,Group_04,Eukarya,Archaeplastida,Plantae,Chlorophyta,Chloropicophyceae
TARA_PON_109_MAG_00166,Group_04,Eukarya,Archaeplastida,Plantae,Chlorophyta,Mamiellophyceae
TARA_PON_109_MAG_00217,Group_05,Eukarya,Stramenopiles,Chromista,Ochrophyta,Bolidophyceae
TARA_PON_109_MAG_00219,Group_05,Eukarya,Stramenopiles,Chromista,MAST-4,New_MAST-4
TARA_PON_109_MAG_00221,Group_06,Eukarya,Stramenopiles,Chromista,Ochrophyta,Pelagophyceae
TARA_PON_109_MAG_00222,Group_04,Eukarya,Archaeplastida,Plantae,Chlorophyta,Chloropicophyceae
TARA_PON_109_MAG_00226,Group_04,Eukarya,Archaeplastida,Plantae,Chlorophyta,Chloropicophyceae
TARA_PON_109_MAG_00229,Group_06,Eukarya,Haptista,Chromista,Haptophyta,Prymnesiophyceae
TARA_PON_109_MAG_00231,Group_06,Eukarya,Haptista,Chromista,Haptophyta,Prymnesiophyceae
TARA_PON_109_MAG_00232,Group_06,Eukarya,Haptista,Chromista,Haptophyta,Prymnesiophyceae
TARA_PON_109_MAG_00233,Group_01,Eukarya,Opisthokonta,Animalia,Arthropoda,Hexanauplia
TARA_PON_109_MAG_00239,Group_06,Eukarya,Stramenopiles,Chromista,Ochrophyta,Dictyochophyceae
TARA_PON_109_MAG_00250,Group_06,Eukarya,Haptista,Chromista,Haptophyta,Prymnesiophyceae
TARA_PON_109_MAG_00251,Group_01,Eukarya,Opisthokonta,Animalia,Arthropoda,Hexanauplia
TARA_PON_109_MAG_00252,Group_01,Eukarya,Opisthokonta,Animalia,Arthropoda,Hexanauplia
TARA_PON_109_MAG_00254,Group_01,Eukarya,Opisthokonta,Animalia,Arthropoda,Hexanauplia
TARA_PON_109_MAG_00255,Group_01,Eukarya,Opisthokonta,Animalia,Arthropoda,Hexanauplia
TARA_PON_109_MAG_00256,Group_01,Eukarya,Opisthokonta,Animalia,Arthropoda,Hexanauplia
TARA_PON_109_MAG_00258,Group_05,Eukarya,Stramenopiles,Chromista,Heterokontophyta,Oomycota
TARA_PON_109_MAG_00259,Group_01,Eukarya,Opisthokonta,Animalia,Arthropoda,Hexanauplia
TARA_PON_109_MAG_00260,Group_01,Eukarya,Opisthokonta,Animalia,Arthropoda,Hexanauplia
TARA_PON_109_MAG_00261,Group_04,Eukarya,Alveolata,Chromista,Myzozoa,Myzozoa
TARA_PON_109_MAG_00262,Group_01,Eukarya,Opisthokonta,Animalia,Arthropoda,Hexanauplia
TARA_PON_109_MAG_00263,Group_01,Eukarya,Opisthokonta,Animalia,NA,NA
TARA_PON_109_MAG_00264,Group_01,Eukarya,Opisthokonta,Animalia,Arthropoda,Hexanauplia
TARA_PON_109_MAG_00265,Group_01,Eukarya,Opisthokonta,Animalia,Arthropoda,Hexanauplia
TARA_PON_109_MAG_00266,Group_03,Eukarya,Opisthokonta,Animalia,Chordata,Appendicularia
TARA_PON_109_MAG_00267,Group_03,Eukarya,Opisthokonta,Animalia,Chordata,Appendicularia
TARA_PON_109_MAG_00268,Group_01,Eukarya,Opisthokonta,Animalia,Arthropoda,Hexanauplia
TARA_PON_109_MAG_00269,Group_01,Eukarya,Opisthokonta,Animalia,Arthropoda,Hexanauplia
TARA_PON_109_MAG_00270,Group_01,Eukarya,Opisthokonta,Animalia,Arthropoda,Hexanauplia
TARA_PON_109_MAG_00271,Group_01,Eukarya,Opisthokonta,Animalia,Arthropoda,Hexanauplia
TARA_PON_109_MAG_00272,Group_03,Eukarya,Opisthokonta,Animalia,Chordata,Appendicularia
TARA_PON_109_MAG_00273,Group_01,Eukarya,Opisthokonta,Animalia,Arthropoda,Hexanauplia
TARA_PON_109_MAG_00274,Group_01,Eukarya,Opisthokonta,Animalia,Arthropoda,Hexanauplia
TARA_PON_109_MAG_00275,Group_01,Eukarya,Opisthokonta,Animalia,Arthropoda,Hexanauplia
TARA_PON_109_MAG_00276,Group_01,Eukarya,Opisthokonta,Animalia,Arthropoda,Hexanauplia
TARA_PSE_93_MAG_00017,Group_04,Eukarya,Archaeplastida,Plantae,Chlorophyta,Mamiellophyceae
TARA_PSE_93_MAG_00090,Group_04,Eukarya,Archaeplastida,Plantae,Chlorophyta,Mamiellophyceae
TARA_PSE_93_MAG_00121,Group_04,Eukarya,Archaeplastida,Plantae,Chlorophyta,Chloropicophyceae
TARA_PSE_93_MAG_00141,Group_04,Eukarya,Archaeplastida,Plantae,Chlorophyta,Sister_Pycnococcus
TARA_PSE_93_MAG_00171,Group_04,Eukarya,Stramenopiles,Chromista,Bacillariophyta,Mediophyceae
TARA_PSE_93_MAG_00182,Group_04,Eukarya,Archaeplastida,Plantae,Chlorophyta,Chloropicophyceae
TARA_PSE_93_MAG_00188,Group_04,Eukarya,Amoebozoa,Chromista,NA,NA
TARA_PSE_93_MAG_00199,Group_04,Eukarya,Opisthokonta,Fungi,Ascomycota,Ascomycetes
TARA_PSE_93_MAG_00200,Group_04,Eukarya,Archaeplastida,Plantae,Chlorophyta,Chloropicophyceae
TARA_PSE_93_MAG_00201,Group_04,Eukarya,Archaeplastida,Plantae,Chlorophyta,Chloropicophyceae
TARA_PSE_93_MAG_00202,Group_01,Eukarya,Opisthokonta,Animalia,Arthropoda,Hexanauplia
TARA_PSE_93_MAG_00203,Group_06,Eukarya,Haptista,Chromista,Haptophyta,NA
TARA_PSE_93_MAG_00207,Group_06,Eukarya,Stramenopiles,Chromista,Ochrophyta,Dictyochophyceae
TARA_PSE_93_MAG_00209,Group_01,Eukarya,Opisthokonta,Animalia,Arthropoda,Hexanauplia
TARA_PSE_93_MAG_00212,Group_05,Eukarya,Cryptista,Chromista,Sister_Cryptophyta,Sister_Cryptophyta
TARA_PSE_93_MAG_00213,Group_04,Eukarya,Stramenopiles,Chromista,Bacillariophyta,Bacillariophyceae
TARA_PSE_93_MAG_00214,Group_05,Eukarya,Stramenopiles,Chromista,Ochrophyta,Chrysophyceae
TARA_PSE_93_MAG_00215,Group_03,Eukarya,Opisthokonta,Animalia,Chordata,NA
TARA_PSE_93_MAG_00216,Group_05,Eukarya,Stramenopiles,Chromista,Bigyra,Bikosea
TARA_PSE_93_MAG_00217,Group_01,Eukarya,Opisthokonta,Animalia,Arthropoda,Hexanauplia
TARA_PSE_93_MAG_00218,Group_06,Eukarya,Haptista,Chromista,Haptophyta,Prymnesiophyceae
TARA_PSE_93_MAG_00219,Group_06,Eukarya,Haptista,Chromista,Haptophyta,Prymnesiophyceae
TARA_PSE_93_MAG_00220,Group_04,Eukarya,Archaeplastida,Plantae,Chlorophyta,Chloropicophyceae
TARA_PSE_93_MAG_00221,Group_01,Eukarya,Opisthokonta,Animalia,Arthropoda,Hexanauplia
TARA_PSE_93_MAG_00222,Group_03,Eukarya,Opisthokonta,Animalia,Chordata,Appendicularia
TARA_PSE_93_MAG_00223,Group_01,Eukarya,Opisthokonta,Animalia,Arthropoda,Hexanauplia
TARA_PSE_93_MAG_00224,Group_06,Eukarya,Haptista,Chromista,Haptophyta,Prymnesiophyceae
TARA_PSE_93_MAG_00226,Group_06,Eukarya,Haptista,Chromista,Haptophyta,Prymnesiophyceae
TARA_PSE_93_MAG_00227,Group_05,Eukarya,Cryptista,Chromista,Sister_Cryptophyta,Sister_Cryptophyta
TARA_PSE_93_MAG_00228,Group_04,Eukarya,Archaeplastida,Plantae,Chlorophyta,Sister_Pycnococcus
TARA_PSE_93_MAG_00229,Group_03,Eukarya,Opisthokonta,Animalia,Chordata,Appendicularia
TARA_PSE_93_MAG_00230,Group_01,Eukarya,Opisthokonta,Animalia,Arthropoda,Hexanauplia
TARA_PSE_93_MAG_00231,Group_01,Eukarya,Opisthokonta,Animalia,Arthropoda,Hexanauplia
TARA_PSE_93_MAG_00232,Group_01,Eukarya,Opisthokonta,Animalia,Arthropoda,Hexanauplia
TARA_PSE_93_MAG_00233,Group_01,Eukarya,Opisthokonta,Animalia,Arthropoda,Hexanauplia
TARA_PSE_93_MAG_00234,Group_01,Eukarya,Opisthokonta,Animalia,Arthropoda,Hexanauplia
TARA_PSE_93_MAG_00235,Group_06,Eukarya,Haptista,Chromista,Haptophyta,Prymnesiophyceae
TARA_PSE_93_MAG_00236,Group_04,Eukarya,Archaeplastida,Plantae,Chlorophyta,Chloropicophyceae
TARA_PSE_93_MAG_00237,Group_01,Eukarya,Opisthokonta,Animalia,Arthropoda,Hexanauplia
TARA_PSE_93_MAG_00238,Group_01,Eukarya,Opisthokonta,Animalia,Arthropoda,Hexanauplia
TARA_PSE_93_MAG_00239,Group_01,Eukarya,Opisthokonta,Animalia,Arthropoda,Hexanauplia
TARA_PSE_93_MAG_00240,Group_05,Eukarya,Opisthokonta,Protozoa,Choanozoa,Choanoflagellatea
TARA_PSE_93_MAG_00241,Group_06,Eukarya,Stramenopiles,Chromista,Ochrophyta,Dictyochophyceae
TARA_PSE_93_MAG_00242,Group_03,Eukarya,Opisthokonta,Animalia,Chordata,NA
TARA_PSE_93_MAG_00243,Group_01,Eukarya,Opisthokonta,Animalia,Arthropoda,Hexanauplia
TARA_PSE_93_MAG_00244,Group_01,Eukarya,Opisthokonta,Animalia,Arthropoda,Hexanauplia
TARA_PSE_93_MAG_00245,Group_06,Eukarya,Haptista,Chromista,Haptophyta,NA
TARA_PSE_93_MAG_00246,Group_01,Eukarya,Opisthokonta,Animalia,Arthropoda,Hexanauplia
TARA_PSE_93_MAG_00247,Group_01,Eukarya,Opisthokonta,Animalia,Arthropoda,Hexanauplia
TARA_PSE_93_MAG_00248,Group_03,Eukarya,Opisthokonta,Animalia,Chordata,Appendicularia
TARA_PSE_93_MAG_00249,Group_01,Eukarya,Opisthokonta,Animalia,Arthropoda,Hexanauplia
TARA_PSE_93_MAG_00250,Group_01,Eukarya,Opisthokonta,Animalia,Arthropoda,Hexanauplia
TARA_PSE_93_MAG_00251,Group_01,Eukarya,Opisthokonta,Animalia,Arthropoda,Hexanauplia
TARA_PSE_93_MAG_00252,Group_01,Eukarya,Opisthokonta,Animalia,Arthropoda,Hexanauplia
TARA_PSE_93_MAG_00253,Group_04,Eukarya,Stramenopiles,Chromista,Bacillariophyta,Mediophyceae
TARA_PSE_93_MAG_00254,Group_01,Eukarya,Opisthokonta,Animalia,Arthropoda,Hexanauplia
TARA_PSE_93_MAG_00255,Group_05,Eukarya,Stramenopiles,Chromista,Bigyra,Bikosea
TARA_PSE_93_MAG_00256,Group_01,Eukarya,Opisthokonta,Animalia,Arthropoda,Hexanauplia
TARA_PSE_93_MAG_00257,Group_03,Eukarya,Opisthokonta,Animalia,Chordata,Appendicularia
TARA_PSE_93_MAG_00258,Group_04,Eukarya,Alveolata,Chromista,Myzozoa,Myzozoa
TARA_PSE_93_MAG_00259,Group_01,Eukarya,Opisthokonta,Animalia,Arthropoda,Hexanauplia
TARA_PSE_93_MAG_00260,Group_01,Eukarya,Opisthokonta,Animalia,Arthropoda,Hexanauplia
TARA_PSE_93_MAG_00261,Group_02,Eukarya,Alveolata,Chromista,Ciliophora,NA
TARA_PSE_93_MAG_00262,Group_03,Eukarya,Opisthokonta,Animalia,Chordata,Appendicularia
TARA_PSE_93_MAG_00263,Group_02,Eukarya,Alveolata,Chromista,Ciliophora,Oligotrichea
TARA_PSE_93_MAG_00265,Group_01,Eukarya,Opisthokonta,Animalia,Arthropoda,Crustacea
TARA_PSE_93_MAG_00267,Group_06,Eukarya,Haptista,Chromista,Haptophyta,Prymnesiophyceae
TARA_PSE_93_MAG_00268,Group_01,Eukarya,Opisthokonta,Animalia,Arthropoda,Hexanauplia
TARA_PSE_2018_MAG_00136,Group_06,Eukarya,Haptista,Chromista,Haptophyta,NA
TARA_PSW_86_MAG_00075,Group_04,Eukarya,Archaeplastida,Plantae,Chlorophyta,Mamiellophyceae
TARA_PSW_86_MAG_00105,Group_04,Eukarya,Archaeplastida,Plantae,Chlorophyta,Mamiellophyceae
TARA_PSW_86_MAG_00106,Group_04,Eukarya,Archaeplastida,Plantae,Chlorophyta,Mamiellophyceae
TARA_PSW_86_MAG_00160,Group_04,Eukarya,Archaeplastida,Plantae,Chlorophyta,Chloropicophyceae
TARA_PSW_86_MAG_00208,Group_04,Eukarya,Archaeplastida,Plantae,Chlorophyta,Sister_Pycnococcus
TARA_PSW_86_MAG_00222,Group_04,Eukarya,Stramenopiles,Chromista,Bacillariophyta,Bacillariophyceae
TARA_PSW_86_MAG_00236,Group_04,Eukarya,Stramenopiles,Chromista,Bacillariophyta,Bacillariophyceae
TARA_PSW_86_MAG_00253,Group_04,Eukarya,Archaeplastida,Plantae,Chlorophyta,Palmophyllophyceae
TARA_PSW_86_MAG_00256,Group_04,Eukarya,Stramenopiles,Chromista,Bacillariophyta,Mediophyceae
TARA_PSW_86_MAG_00257,Group_06,Eukarya,Stramenopiles,Chromista,Ochrophyta,Pelagophyceae
TARA_PSW_86_MAG_00260,Group_04,Eukarya,Archaeplastida,Plantae,Chlorophyta,Chloropicophyceae
TARA_PSW_86_MAG_00261,Group_04,Eukarya,Stramenopiles,Chromista,Bacillariophyta,Mediophyceae
TARA_PSW_86_MAG_00262,Group_06,Eukarya,Cryptista,Chromista,Cryptophyta,Cryptophyceae
TARA_PSW_86_MAG_00266,Group_06,Eukarya,Haptista,Chromista,Haptophyta,Prymnesiophyceae
TARA_PSW_86_MAG_00267,Group_03,Eukarya,Opisthokonta,Animalia,Chordata,NA
TARA_PSW_86_MAG_00268,Group_06,Eukarya,Haptista,Chromista,Haptophyta,Prymnesiophyceae
TARA_PSW_86_MAG_00270,Group_04,Eukarya,Archaeplastida,Plantae,Chlorophyta,Sister_Pycnococcus
TARA_PSW_86_MAG_00272,Group_06,Eukarya,Haptista,Chromista,Haptophyta,NA
TARA_PSW_86_MAG_00274,Group_04,Eukarya,Amoebozoa,Chromista,NA,NA
TARA_PSW_86_MAG_00275,Group_06,Eukarya,Haptista,Chromista,Haptophyta,Prymnesiophyceae
TARA_PSW_86_MAG_00276,Group_04,Eukarya,Stramenopiles,Chromista,Bacillariophyta,Mediophyceae
TARA_PSW_86_MAG_00279,Group_06,Eukarya,Haptista,Chromista,Haptophyta,Prymnesiophyceae
TARA_PSW_86_MAG_00280,Group_06,Eukarya,Haptista,Chromista,Haptophyta,Prymnesiophyceae
TARA_PSW_86_MAG_00281,Group_04,Eukarya,Stramenopiles,Chromista,Bacillariophyta,Bacillariophyceae
TARA_PSW_86_MAG_00283,Group_06,Eukarya,Haptista,Chromista,Haptophyta,Prymnesiophyceae
TARA_PSW_86_MAG_00284,Group_06,Eukarya,Haptista,Chromista,Haptophyta,Prymnesiophyceae
TARA_PSW_86_MAG_00285,Group_06,Eukarya,Haptista,Chromista,Haptophyta,Prymnesiophyceae
TARA_PSW_86_MAG_00286,Group_01,Eukarya,Opisthokonta,Animalia,Arthropoda,Hexanauplia
TARA_PSW_86_MAG_00287,Group_06,Eukarya,Haptista,Chromista,Haptophyta,Prymnesiophyceae
TARA_PSW_86_MAG_00288,Group_01,Eukarya,Opisthokonta,Animalia,Arthropoda,Hexanauplia
TARA_PSW_86_MAG_00289,Group_04,Eukarya,Archaeplastida,Plantae,Chlorophyta,Mamiellophyceae
TARA_PSW_86_MAG_00291,Group_03,Eukarya,Opisthokonta,Animalia,Chordata,Appendicularia
TARA_PSW_86_MAG_00292,Group_01,Eukarya,Opisthokonta,Animalia,Arthropoda,Hexanauplia
TARA_PSW_86_MAG_00294,Group_01,Eukarya,Opisthokonta,Animalia,Arthropoda,Hexanauplia
TARA_PSW_86_MAG_00295,Group_04,Eukarya,Archaeplastida,Plantae,Chlorophyta,Mamiellophyceae
TARA_PSW_86_MAG_00297,Group_01,Eukarya,Opisthokonta,Animalia,Arthropoda,Hexanauplia
TARA_PSW_86_MAG_00298,Group_01,Eukarya,Opisthokonta,Animalia,Arthropoda,Hexanauplia
TARA_PSW_86_MAG_00299,Group_01,Eukarya,Opisthokonta,Animalia,Arthropoda,Hexanauplia
TARA_PSW_86_MAG_00300,Group_01,Eukarya,Opisthokonta,Animalia,Arthropoda,Hexanauplia
TARA_PSW_86_MAG_00301,Group_01,Eukarya,Opisthokonta,Animalia,Arthropoda,Hexanauplia
TARA_PSW_86_MAG_00302,Group_06,Eukarya,Haptista,Chromista,Haptophyta,Prymnesiophyceae
TARA_PSW_86_MAG_00303,Group_06,Eukarya,Cryptista,Chromista,Cryptophyta,Cryptophyceae
TARA_PSW_86_MAG_00304,Group_01,Eukarya,Opisthokonta,Animalia,Arthropoda,Hexanauplia
TARA_PSW_86_MAG_00305,Group_01,Eukarya,Opisthokonta,Animalia,Arthropoda,Hexanauplia
TARA_PSW_86_MAG_00306,Group_03,Eukarya,Opisthokonta,Animalia,Chordata,Appendicularia
TARA_PSW_86_MAG_00307,Group_03,Eukarya,Opisthokonta,Animalia,Chordata,Appendicularia
TARA_PSW_86_MAG_00308,Group_03,Eukarya,Opisthokonta,Animalia,Chordata,Appendicularia
TARA_PSW_86_MAG_00309,Group_01,Eukarya,Opisthokonta,Animalia,NA,NA
TARA_PSW_86_MAG_00310,Group_01,Eukarya,Opisthokonta,Animalia,Arthropoda,Hexanauplia
TARA_PSW_86_MAG_00311,Group_01,Eukarya,Opisthokonta,Animalia,Arthropoda,Hexanauplia
TARA_PSW_86_MAG_00312,Group_01,Eukarya,Opisthokonta,Animalia,NA,NA
TARA_PSW_86_MAG_00313,Group_01,Eukarya,Opisthokonta,Animalia,Arthropoda,Hexanauplia
TARA_PSW_86_MAG_00314,Group_05,Eukarya,Cryptista,Chromista,Sister_Cryptophyta,Sister_Cryptophyta
TARA_PSW_86_MAG_00315,Group_03,Eukarya,Opisthokonta,Animalia,Chordata,Appendicularia
TARA_PSW_86_MAG_00316,Group_04,Eukarya,Alveolata,Chromista,Myzozoa,Myzozoa
TARA_PSW_86_MAG_00317,Group_06,Eukarya,Haptista,Chromista,Haptophyta,Prymnesiophyceae
TARA_PSW_86_MAG_00318,Group_06,Eukarya,Haptista,Chromista,Haptophyta,Prymnesiophyceae
TARA_PSW_86_MAG_00319,Group_03,Eukarya,Opisthokonta,Animalia,Chordata,Appendicularia
TARA_PSW_86_MAG_00320,Group_01,Eukarya,Opisthokonta,Animalia,Arthropoda,Hexanauplia
TARA_RED_19_MAG_00007,Group_04,Eukarya,Archaeplastida,Plantae,Chlorophyta,Mamiellophyceae
TARA_RED_19_MAG_00041,Group_01,Eukarya,Opisthokonta,Animalia,Arthropoda,Hexanauplia
TARA_RED_19_MAG_00042,Group_06,Eukarya,Haptista,Chromista,Haptophyta,Prymnesiophyceae
TARA_RED_19_MAG_00043,Group_04,Eukarya,Archaeplastida,Plantae,Chlorophyta,Pyramimonadophyceae
TARA_RED_19_MAG_00044,Group_01,Eukarya,Opisthokonta,Animalia,Arthropoda,Hexanauplia
TARA_RED_19_MAG_00045,Group_01,Eukarya,Opisthokonta,Animalia,Arthropoda,Hexanauplia
TARA_RED_19_MAG_00046,Group_01,Eukarya,Opisthokonta,Animalia,Arthropoda,Hexanauplia
TARA_RED_19_MAG_00047,Group_01,Eukarya,Opisthokonta,Animalia,Arthropoda,Hexanauplia
TARA_RED_19_MAG_00048,Group_01,Eukarya,Opisthokonta,Animalia,Arthropoda,Hexanauplia
TARA_RED_19_MAG_00049,Group_01,Eukarya,Opisthokonta,Animalia,Arthropoda,Hexanauplia
TARA_RED_19_MAG_00050,Group_01,Eukarya,Opisthokonta,Animalia,Arthropoda,Hexanauplia
TARA_RED_19_MAG_00051,Group_01,Eukarya,Opisthokonta,Animalia,Arthropoda,Hexanauplia
TARA_RED_19_MAG_00052,Group_01,Eukarya,Opisthokonta,Animalia,Arthropoda,Hexanauplia
TARA_RED_19_MAG_00053,Group_01,Eukarya,Opisthokonta,Animalia,Arthropoda,Hexanauplia
TARA_RED_19_MAG_00054,Group_01,Eukarya,Opisthokonta,Animalia,Arthropoda,Hexanauplia
TARA_RED_19_MAG_00055,Outlier,Eukarya,Opisthokonta,Animalia,Arthropoda,Hexanauplia
TARA_RED_19_MAG_00056,Group_01,Eukarya,Opisthokonta,Animalia,Arthropoda,Hexanauplia
TARA_RED_19_MAG_00057,Group_01,Eukarya,Opisthokonta,Animalia,Arthropoda,Hexanauplia
TARA_RED_19_MAG_00058,Group_01,Eukarya,Opisthokonta,Animalia,Arthropoda,Hexanauplia
TARA_RED_19_MAG_00059,Group_01,Eukarya,Opisthokonta,Animalia,Arthropoda,Hexanauplia
TARA_RED_2018_MAG_00112,Group_05,Eukarya,Stramenopiles,Chromista,Ochrophyta,Chrysophyceae
TARA_SOC_28_MAG_00031,Group_04,Eukarya,Stramenopiles,Chromista,Bacillariophyta,Bacillariophyceae
TARA_SOC_28_MAG_00037,Group_04,Eukarya,Stramenopiles,Chromista,Bacillariophyta,Mediophyceae
TARA_SOC_28_MAG_00048,Group_05,Eukarya,Stramenopiles,Chromista,MAST-4,New_MAST-4
TARA_SOC_28_MAG_00049,Group_04,Eukarya,Stramenopiles,Chromista,Bacillariophyta,Mediophyceae
TARA_SOC_28_MAG_00050,Group_05,Eukarya,Stramenopiles,Chromista,Bigyra,Bikosea
TARA_SOC_28_MAG_00051,Group_05,Eukarya,Stramenopiles,Chromista,MAST-4,New_MAST-4
TARA_SOC_28_MAG_00052,Group_05,Eukarya,Stramenopiles,Chromista,MAST-4,New_MAST-4
TARA_SOC_28_MAG_00053,Group_05,Eukarya,Stramenopiles,Chromista,Heterokontophyta,Oomycota
TARA_SOC_28_MAG_00054,Group_05,Eukarya,Opisthokonta,Protozoa,Choanozoa,Choanoflagellatea
TARA_SOC_28_MAG_00055,Group_05,Eukarya,Amoebozoa,Chromista,NA,NA
TARA_SOC_28_MAG_00056,Group_06,Eukarya,Haptista,Chromista,Haptophyta,Prymnesiophyceae
TARA_SOC_28_MAG_00057,Group_06,Eukarya,Haptista,Chromista,Haptophyta,Prymnesiophyceae
TARA_SOC_28_MAG_00058,Group_01,Eukarya,Opisthokonta,Animalia,Arthropoda,Hexanauplia
TARA_SOC_28_MAG_00059,Group_06,Eukarya,Haptista,Chromista,Haptophyta,Prymnesiophyceae
TARA_SOC_28_MAG_00060,Group_04,Eukarya,Stramenopiles,Chromista,Bacillariophyta,Mediophyceae
TARA_SOC_28_MAG_00061,Group_05,Eukarya,Stramenopiles,Chromista,New_Stramenopiles,New_Stramenopiles
TARA_SOC_28_MAG_00062,Group_05,Eukarya,Opisthokonta,Protozoa,Choanozoa,Choanoflagellatea
TARA_SOC_28_MAG_00063,Group_05,Eukarya,Stramenopiles,Chromista,Sister_MAST-4,Sister_MAST-4
TARA_SOC_28_MAG_00064,Group_06,Eukarya,Haptista,Chromista,Haptophyta,Prymnesiophyceae
TARA_SOC_28_MAG_00065,Group_05,Eukarya,Cryptista,Chromista,Sister_Cryptophyta,Sister_Cryptophyta
TARA_SOC_28_MAG_00066,Group_02,Eukarya,Alveolata,Chromista,Ciliophora,Colpodea
TARA_SOC_28_MAG_00067,Group_06,Eukarya,Haptista,Chromista,Haptophyta,Prymnesiophyceae
TARA_SOC_28_MAG_00068,Group_05,Eukarya,Stramenopiles,Chromista,Heterokontophyta,Labyrinthulomycetes
TARA_SOC_28_MAG_00069,Group_06,Eukarya,Stramenopiles,Chromista,Ochrophyta,Dictyochophyceae
TARA_SOC_28_MAG_00070,Group_05,Eukarya,Cryptista,Chromista,Sister_Cryptophyta,Sister_Cryptophyta
TARA_SOC_28_MAG_00071,Group_04,Eukarya,Stramenopiles,Chromista,Bacillariophyta,Bacillariophyceae
TARA_SOC_28_MAG_00072,Group_05,Eukarya,Cryptista,Chromista,Sister_Cryptophyta,Sister_Cryptophyta
TARA_SOC_28_MAG_00073,Group_02,Eukarya,Alveolata,Chromista,Ciliophora,Oligotrichea
TARA_SOC_28_MAG_00074,Group_06,Eukarya,Haptista,Chromista,Haptophyta,Prymnesiophyceae
TARA_SOC_28_MAG_00075,Group_05,Eukarya,Cryptista,Chromista,Sister_Cryptophyta,Sister_Cryptophyta
TARA_SOC_28_MAG_00076,Group_02,Eukarya,Alveolata,Chromista,Ciliophora,Oligotrichea
TARA_SOC_28_MAG_00077,Group_04,Eukarya,Stramenopiles,Chromista,Bacillariophyta,Mediophyceae
TARA_SOC_28_MAG_00078,Group_05,Eukarya,Cryptista,Chromista,Sister_Cryptophyta,Sister_Cryptophyta
TARA_SOC_28_MAG_00079,Group_05,Eukarya,Cryptista,Chromista,Sister_Cryptophyta,Sister_Cryptophyta
TARA_SOC_28_MAG_00080,Group_02,Eukarya,Alveolata,Chromista,Ciliophora,Oligotrichea
Metagenome_centric_SAG_TOSAG00_1,Group_06,Eukarya,Stramenopiles,Chromista,Ochrophyta,Dictyochophyceae
Metagenome_centric_SAG_TOSAG00_10,Group_05,Eukarya,Stramenopiles,Chromista,MAST-4,New_MAST-4
Metagenome_centric_SAG_TOSAG00_12,Group_05,Eukarya,Stramenopiles,Chromista,Bigyra,Bikosea
Metagenome_centric_SAG_TOSAG00_13,Group_05,Eukarya,Stramenopiles,Chromista,MAST-4,New_MAST-4
Metagenome_centric_SAG_TOSAG00_18,Group_05,Eukarya,Stramenopiles,Chromista,Ochrophyta,Chrysophyceae
Metagenome_centric_SAG_TOSAG00_7,Group_05,Eukarya,Stramenopiles,Chromista,Bigyra,Bikosea
Metagenome_centric_SAG_TOSAG00_8,Group_05,Eukarya,Stramenopiles,Chromista,Ochrophyta,Chrysophyceae
Metagenome_centric_SAG_TOSAG00_9,Group_05,Eukarya,Stramenopiles,Chromista,Bigyra,Bikosea
Metagenome_centric_SAG_TOSAG23_28,Group_05,Eukarya,Stramenopiles,Chromista,MAST-4,New_MAST-4
Metagenome_centric_SAG_TOSAG23_29,Group_05,Eukarya,Stramenopiles,Chromista,MAST-4,New_MAST-4
Metagenome_centric_SAG_TOSAG23_30,Group_05,Eukarya,Stramenopiles,Chromista,Ochrophyta,Chrysophyceae
Metagenome_centric_SAG_TOSAG23_6,Group_05,Eukarya,Stramenopiles,Chromista,Bigyra,Bikosea
Metagenome_centric_SAG_TOSAG23_9,Group_04,Eukarya,Alveolata,Chromista,MALV-I,MALV-I
Metagenome_centric_SAG_TOSAG39_1,Group_04,Eukarya,Rhizaria,Chromista,Cercozoa,NA
Metagenome_centric_SAG_TOSAG39_3,Group_05,Eukarya,Stramenopiles,Chromista,Ochrophyta,Chrysophyceae
Metagenome_centric_SAG_TOSAG39_4,Group_04,Eukarya,Stramenopiles,Chromista,Bacillariophyta,Bacillariophyceae
Metagenome_centric_SAG_TOSAG39_6,Group_04,Eukarya,Alveolata,Chromista,MALV-I,MALV-I
Metagenome_centric_SAG_TOSAG41_1,Group_05,Eukarya,Stramenopiles,Chromista,MAST-4,New_MAST-4
Metagenome_centric_SAG_TOSAG41_10,Group_04,Eukarya,Alveolata,Chromista,MALV-II,MALV-II
Metagenome_centric_SAG_TOSAG41_11,Group_04,Eukarya,Alveolata,Chromista,MALV-II,MALV-II
Metagenome_centric_SAG_TOSAG41_19,Group_05,Eukarya,Stramenopiles,Chromista,MAST-4,New_MAST-4
Metagenome_centric_SAG_TOSAG41_24,Group_05,Eukarya,Stramenopiles,Chromista,MAST-4,New_MAST-4
Metagenome_centric_SAG_TOSAG41_5,Group_05,Eukarya,Stramenopiles,Chromista,Ochrophyta,Chrysophyceae
Metagenome_centric_SAG_TOSAG41_8,Group_06,Eukarya,Stramenopiles,Chromista,Ochrophyta,Dictyochophyceae
Metagenome_centric_SAG_TOSAG41_9,Group_04,Eukarya,Alveolata,Chromista,MALV-I,MALV-I
Metagenome_centric_SAG_TOSAG46_2,Group_04,Eukarya,Stramenopiles,Chromista,Bacillariophyta,Bacillariophyceae
Metagenome_centric_SAG_TOSAG47_5,Group_04,Eukarya,Alveolata,Chromista,MALV-II,MALV-II
Metagenome_centric_SAG_TOSAG47_7,Group_04,Eukarya,Alveolata,Chromista,MALV-II,MALV-II
Metagenome_centric_SAG_TOSAG48_3,Group_04,Eukarya,Alveolata,Chromista,MALV-II,MALV-II
Metagenome_centric_SAG_TOSAG51_11,Group_06,Eukarya,Stramenopiles,Chromista,Ochrophyta,Dictyochophyceae
METDB_00001,,,Opisthokonta,,Choanoflagellida,Choanoflagellatea
METDB_00002,,,Alveolata,,Dinoflagellata,Dinophyceae
METDB_00003,,,Alveolata,,Dinoflagellata,Dinophyceae
METDB_00004,,,Alveolata,,Dinoflagellata,Dinophyceae
METDB_00005,,,Alveolata,,Dinoflagellata,Dinophyceae
METDB_00006,,,Alveolata,,Dinoflagellata,Dinophyceae
METDB_00007,,,Alveolata,,Dinoflagellata,Dinophyceae
METDB_00008,,,Alveolata,,Dinoflagellata,Dinophyceae
METDB_00009,,,Alveolata,,Dinoflagellata,Dinophyceae
METDB_00010,,,Rhizaria,,Foraminifera,Rotaliida
METDB_00011,,,Alveolata,,Dinoflagellata,Syndiniales
METDB_00012,,,Alveolata,,Dinoflagellata,Dinophyceae
METDB_00013,,,Alveolata,,Dinoflagellata,Dinophyceae
METDB_00014,,,Stramenopiles,,Bacillariophyta,Bacillariophyceae
METDB_00015,,,Stramenopiles,,Bacillariophyta,Bacillariophyceae
METDB_00016,,,Stramenopiles,,Bacillariophyta,Bacillariophyceae
METDB_00017,,,Stramenopiles,,Ochrophyta,Pelagophyceae
METDB_00018,,,Stramenopiles,,Stramenopiles_X,Labyrinthulea
METDB_00019,,,Alveolata,,Ciliophora,Oligohymenophorea
METDB_00020,,,Alveolata,,Ciliophora,Oligohymenophorea
METDB_00021,,,Stramenopiles,,Stramenopiles_X,Labyrinthulea
METDB_00022,,,Alveolata,,Ciliophora,Colpodea
METDB_00023,,,Stramenopiles,,Bacillariophyta,Bacillariophyceae
METDB_00024,,,Stramenopiles,,Bacillariophyta,Bacillariophyceae
METDB_00025,,,Stramenopiles,,Bacillariophyta,Bacillariophyceae
METDB_00026,,,Stramenopiles,,Bacillariophyta,Mediophyceae
METDB_00027,,,Stramenopiles,,Bacillariophyta,Coscinodiscophyceae
METDB_00028,,,Stramenopiles,,Stramenopiles_X,Labyrinthulea
METDB_00029,,,Stramenopiles,,Ochrophyta,Pelagophyceae
METDB_00030,,,Stramenopiles,,Ochrophyta,Pelagophyceae
METDB_00031,,,Stramenopiles,,Ochrophyta,Pelagophyceae
METDB_00032,,,Stramenopiles,,Ochrophyta,Pelagophyceae
METDB_00033,,,Alveolata,,Dinoflagellata,Dinophyceae
METDB_00034,,,Archaeplastida,,Chlorophyta,Mamiellophyceae
METDB_00035,,,Archaeplastida,,Chlorophyta,Mamiellophyceae
METDB_00036,,,Archaeplastida,,Chlorophyta,Mamiellophyceae
METDB_00037,,,Stramenopiles,,Stramenopiles_X,Bicoecea
METDB_00038,,,Rhizaria,,Cercozoa,Filosa-Chlorarachnea
METDB_00039,,,Rhizaria,,Cercozoa,Filosa-Chlorarachnea
METDB_00040,,,Rhizaria,,Cercozoa,Filosa-Chlorarachnea
METDB_00041,,,Rhizaria,,Cercozoa,Filosa-Chlorarachnea
METDB_00042,,,Rhizaria,,Cercozoa,Filosa-Chlorarachnea
METDB_00043,,,Rhizaria,,Cercozoa,Filosa-Chlorarachnea
METDB_00044,,,Rhizaria,,Cercozoa,Filosa-Chlorarachnea
METDB_00045,,,Rhizaria,,Cercozoa,Filosa-Chlorarachnea
METDB_00046,,,Alveolata,,Ciliophora,Heterotrichea
METDB_00047,,,Alveolata,,Dinoflagellata,Dinophyceae
METDB_00048,,,Alveolata,,Dinoflagellata,Dinophyceae
METDB_00049,,,Stramenopiles,,Stramenopiles_X,Bicoecea
METDB_00050,,,Stramenopiles,,Stramenopiles_X,Bicoecea
METDB_00051,,,Haptista,,Haptophyta,Prymnesiophyceae
METDB_00052,,,Alveolata,,Dinoflagellata,Dinophyceae
METDB_00053,,,Stramenopiles,,Bacillariophyta,Mediophyceae
METDB_00054,,,Stramenopiles,,Bacillariophyta,Mediophyceae
METDB_00055,,,Stramenopiles,,Bacillariophyta,Mediophyceae
METDB_00056,,,Stramenopiles,,Bacillariophyta,Mediophyceae
METDB_00057,,,Stramenopiles,,Bacillariophyta,Mediophyceae
METDB_00058,,,Stramenopiles,,Bacillariophyta,Mediophyceae
METDB_00059,,,Stramenopiles,,Bacillariophyta,Mediophyceae
METDB_00060,,,Stramenopiles,,Bacillariophyta,Mediophyceae
METDB_00061,,,Stramenopiles,,Bacillariophyta,Mediophyceae
METDB_00062,,,Stramenopiles,,Ochrophyta,Raphidophyceae
METDB_00063,,,Archaeplastida,,Chlorophyta,Chlorophyceae
METDB_00064,,,Archaeplastida,,Chlorophyta,Chlorophyceae
METDB_00065,,,Archaeplastida,,Chlorophyta,Chlorophyceae
METDB_00066,,,Archaeplastida,,Chlorophyta,Chlorophyceae
METDB_00067,,,Rhizaria,,Cercozoa,Filosa-Chlorarachnea
METDB_00068,,,Archaeplastida,,Chlorophyta,Chloropicophyceae
METDB_00069,,,Archaeplastida,,Chlorophyta,Chlorophyceae
METDB_00070,,,Archaeplastida,,Chlorophyta,Chloropicophyceae
METDB_00071,,,Archaeplastida,,Chlorophyta,Chloropicophyceae
METDB_00072,,,Archaeplastida,,Chlorophyta,Chloropicophyceae
METDB_00073,,,Archaeplastida,,Chlorophyta,Chloropicophyceae
METDB_00074,,,Archaeplastida,,Chlorophyta,Chlorophyceae
METDB_00075,,,Archaeplastida,,Chlorophyta,Chloropicophyceae
METDB_00076,,,Archaeplastida,,Chlorophyta,Chloropicophyceae
METDB_00077,,,Archaeplastida,,Chlorophyta,Chloropicophyceae
METDB_00078,,,Archaeplastida,,Chlorophyta,Chloropicophyceae
METDB_00079,,,Archaeplastida,,Chlorophyta,Chlorophyceae
METDB_00080,,,Archaeplastida,,Chlorophyta,Chloropicophyceae
METDB_00081,,,Archaeplastida,,Chlorophyta,Chloropicophyceae
METDB_00082,,,Archaeplastida,,Chlorophyta,Chlorophyceae
METDB_00083,,,Alveolata,,Chromerida,Chromera_group
METDB_00084,,,Alveolata,,Chromerida,Chromerida_X
METDB_00085,,,Stramenopiles,,Ochrophyta,Chrysophyceae
METDB_00086,,,Archaeplastida,,Rhodophyta,Stylonematophyceae
METDB_00087,,,Cryptista,,Cryptophyta,Cryptophyceae
METDB_00088,,,Haptista,,Haptophyta,Prymnesiophyceae
METDB_00089,,,Haptista,,Haptophyta,Prymnesiophyceae
METDB_00090,,,Haptista,,Haptophyta,Prymnesiophyceae
METDB_00091,,,Haptista,,Haptophyta,Prymnesiophyceae
METDB_00092,,,Haptista,,Haptophyta,Prymnesiophyceae
METDB_00093,,,Haptista,,Haptophyta,Prymnesiophyceae
METDB_00094,,,Stramenopiles,,Ochrophyta,Pelagophyceae
METDB_00095,,,Stramenopiles,,Ochrophyta,Pelagophyceae
METDB_00096,,,Stramenopiles,,Ochrophyta,Pelagophyceae
METDB_00097,,,Alveolata,,Ciliophora,Heterotrichea
METDB_00098,,,Archaeplastida,,Rhodophyta,Unclassified_Rhodophyta
METDB_00099,,,Haptista,,Haptophyta,Prymnesiophyceae
METDB_00100,,,Archaeplastida,,Rhodophyta,Compsopogonophyceae
METDB_00101,,,Alveolata,,Ciliophora,Heterotrichea
METDB_00102,,,Stramenopiles,,Bacillariophyta,Coscinodiscophyceae
METDB_00103,,,Stramenopiles,,Bacillariophyta,Coscinodiscophyceae
METDB_00104,,,Stramenopiles,,Bacillariophyta,Coscinodiscophyceae
METDB_00105,,,Stramenopiles,,Bacillariophyta,Bacillariophyceae
METDB_00106,,,Archaeplastida,,Chlorophyta,Mamiellophyceae
METDB_00107,,,Alveolata,,Dinoflagellata,Dinophyceae
METDB_00108,,,Cryptista,,Cryptophyta,Cryptophyceae
METDB_00109,,,Cryptista,,Cryptophyta,Cryptophyceae
METDB_00110,,,Cryptista,,Cryptophyta,Cryptophyceae
METDB_00111,,,Opisthokonta,,Metazoa,Ctenophora
METDB_00112,,,Opisthokonta,,Metazoa,Ctenophora
METDB_00113,,,Archaeplastida,,Glaucocystophyta,Glaucocystophyceae
METDB_00114,,,Stramenopiles,,Bacillariophyta,Bacillariophyceae
METDB_00115,,,Stramenopiles,,Bacillariophyta,Bacillariophyceae
METDB_00116,,,Stramenopiles,,Bacillariophyta,Mediophyceae
METDB_00117,,,Stramenopiles,,Bacillariophyta,Bacillariophyceae
METDB_00118,,,Stramenopiles,,Bacillariophyta,Coscinodiscophyceae
METDB_00119,,,Opisthokonta,,Fungi,Ascomycota
METDB_00120,,,Stramenopiles,,Bacillariophyta,Mediophyceae
METDB_00121,,,Haptista,,Haptophyta,Pavlovophyceae
METDB_00122,,,Opisthokonta,,Holozoa,Choanoflagellatea
METDB_00123,,,Opisthokonta,,Holozoa,Choanoflagellatea
METDB_00124,,,Opisthokonta,,Holozoa,Choanoflagellatea
METDB_00125,,,Stramenopiles,,Ochrophyta,Dictyochophyceae
METDB_00126,,,Stramenopiles,,Ochrophyta,Chrysophyceae
METDB_00127,,,Alveolata,,Dinoflagellata,Dinophyceae
METDB_00128,,,Stramenopiles,,Bacillariophyta,Mediophyceae
METDB_00129,,,Stramenopiles,,Bacillariophyta,Mediophyceae
METDB_00130,,,Stramenopiles,,Bacillariophyta,Mediophyceae
METDB_00131,,,Stramenopiles,,Bacillariophyta,Mediophyceae
METDB_00132,,,Stramenopiles,,Bacillariophyta,Mediophyceae
METDB_00133,,,Archaeplastida,,Chlorophyta,Mamiellophyceae
METDB_00134,,,Archaeplastida,,Chlorophyta,Chlorophyceae
METDB_00135,,,Alveolata,,Dinoflagellata,Dinophyceae
METDB_00136,,,Rhizaria,,Foraminifera,Rotaliida
METDB_00137,,,Haptista,,Haptophyta,Prymnesiophyceae
METDB_00138,,,Haptista,,Haptophyta,Prymnesiophyceae
METDB_00139,,,Haptista,,Haptophyta,Prymnesiophyceae
METDB_00140,,,Haptista,,Haptophyta,Prymnesiophyceae
METDB_00141,,,Haptista,,Haptophyta,Prymnesiophyceae
METDB_00142,,,Haptista,,Haptophyta,Prymnesiophyceae
METDB_00143,,,Haptista,,Haptophyta,Prymnesiophyceae
METDB_00144,,,Haptista,,Haptophyta,Prymnesiophyceae
METDB_00145,,,Haptista,,Haptophyta,Prymnesiophyceae
METDB_00146,,,Haptista,,Haptophyta,Prymnesiophyceae
METDB_00147,,,Haptista,,Haptophyta,Prymnesiophyceae
METDB_00148,,,Haptista,,Haptophyta,Prymnesiophyceae
METDB_00149,,,Haptista,,Haptophyta,Prymnesiophyceae
METDB_00150,,,Haptista,,Haptophyta,Prymnesiophyceae
METDB_00151,,,Haptista,,Haptophyta,Prymnesiophyceae
METDB_00152,,,Haptista,,Haptophyta,Prymnesiophyceae
METDB_00153,,,Haptista,,Haptophyta,Prymnesiophyceae
METDB_00154,,,Haptista,,Haptophyta,Prymnesiophyceae
METDB_00155,,,Stramenopiles,,Bacillariophyta,Bacillariophyceae
METDB_00156,,,Archaeplastida,,Rhodophyta,Rhodophyceae
METDB_00157,,,Archaeplastida,,Rhodophyta,Rhodophyceae
METDB_00158,,,Stramenopiles,,Bacillariophyta,Mediophyceae
METDB_00159,,,Alveolata,,Ciliophora,Spirotrichea
METDB_00160,,,Alveolata,,Ciliophora,Spirotrichea
METDB_00161,,,Alveolata,,Ciliophora,Spirotrichea
METDB_00162,,,Excavata,,Discoba,Euglenozoa
METDB_00163,,,Excavata,,Discoba,Euglenozoa
METDB_00164,,,Haptista,,Haptophyta,Pavlovophyceae
METDB_00165,,,Stramenopiles,,Bacillariophyta,Mediophyceae
METDB_00166,,,Alveolata,,Ciliophora,Heterotrichea
METDB_00167,,,Alveolata,,Ciliophora,Spirotrichea
METDB_00168,,,Alveolata,,Ciliophora,Spirotrichea
METDB_00169,,,Stramenopiles,,Ochrophyta,Raphidophyceae
METDB_00170,,,Amoebozoa,,Conosa,Variosea
METDB_00171,,,Stramenopiles,,Ochrophyta,Dictyochophyceae
METDB_00172,,,Stramenopiles,,Ochrophyta,Dictyochophyceae
METDB_00173,,,Stramenopiles,,Ochrophyta,Dictyochophyceae
METDB_00174,,,Stramenopiles,,Ochrophyta,Dictyochophyceae
METDB_00175,,,Stramenopiles,,Bacillariophyta,Bacillariophyceae
METDB_00176,,,Stramenopiles,,Bacillariophyta,Bacillariophyceae
METDB_00177,,,Alveolata,,Dinoflagellata,Dinophyceae
METDB_00178,,,Cryptista,,Cryptophyta,Cryptophyceae
METDB_00179,,,Cryptista,,Cryptophyta,Cryptophyceae
METDB_00180,,,Haptista,,Haptophyta,Prymnesiophyceae
METDB_00181,,,Haptista,,Haptophyta,Prymnesiophyceae
METDB_00182,,,Haptista,,Haptophyta,Prymnesiophyceae
METDB_00183,,,Haptista,,Haptophyta,Prymnesiophyceae
METDB_00184,,,Archaeplastida,,Glaucocystophyta,Glaucocystophyceae
METDB_00185,,,Stramenopiles,,Ochrophyta,Pinguiophyceae
METDB_00186,,,Cryptista,,Cryptophyta,Cryptophyceae
METDB_00187,,,Cryptista,,Cryptophyta,Cryptophyceae
METDB_00188,,,Alveolata,,Dinoflagellata,Dinophyceae
METDB_00189,,,Stramenopiles,,Bacillariophyta,Bacillariophyceae
METDB_00190,,,Cryptista,,Cryptophyta,Cryptophyceae
METDB_00191,,,Stramenopiles,,Bacillariophyta,Coscinodiscophyceae
METDB_00192,,,Rhizaria,,Cercozoa,Filosa-Chlorarachnea
METDB_00193,,,Alveolata,,Dinoflagellata,Dinophyceae
METDB_00194,,,Alveolata,,Dinoflagellata,Dinophyceae
METDB_00195,,,Alveolata,,Dinoflagellata,Dinophyceae
METDB_00196,,,Cryptista,,Cryptophyta,Cryptophyceae
METDB_00197,,,Haptista,,Haptophyta,Prymnesiophyceae
METDB_00198,,,Stramenopiles,,Bacillariophyta,Bacillariophyceae
METDB_00199,,,Stramenopiles,,Bacillariophyta,Mediophyceae
METDB_00200,,,Cryptista,,Cryptophyta,Cryptophyceae
METDB_00201,,,Cryptista,,Cryptophyta,Cryptophyceae
METDB_00202,,,Cryptista,,Cryptophyta,Cryptophyceae
METDB_00203,,,Cryptista,,Cryptophyta,Cryptophyceae
METDB_00204,,,Cryptista,,Cryptophyta,Cryptophyceae
METDB_00205,,,Cryptista,,Cryptophyta,Cryptophyceae
METDB_00206,,,Cryptista,,Cryptophyta,Cryptophyceae
METDB_00207,,,Alveolata,,Dinoflagellata,Dinophyceae
METDB_00208,,,Alveolata,,Dinoflagellata,Dinophyceae
METDB_00209,,,Alveolata,,Dinoflagellata,Dinophyceae
METDB_00210,,,Alveolata,,Dinoflagellata,Dinophyceae
METDB_00211,,,Stramenopiles,,Ochrophyta,Raphidophyceae
METDB_00212,,,Stramenopiles,,Ochrophyta,Raphidophyceae
METDB_00213,,,Stramenopiles,,Ochrophyta,Raphidophyceae
METDB_00214,,,Stramenopiles,,Ochrophyta,Raphidophyceae
METDB_00215,,,Haptista,,Haptophyta,Prymnesiophyceae
METDB_00216,,,Haptista,,Haptophyta,Prymnesiophyceae
METDB_00217,,,Haptista,,Haptophyta,Prymnesiophyceae
METDB_00218,,,Haptista,,Haptophyta,Prymnesiophyceae
METDB_00219,,,Haptista,,Haptophyta,Prymnesiophyceae
METDB_00220,,,Alveolata,,Dinoflagellata,Dinophyceae
METDB_00221,,,Alveolata,,Dinoflagellata,Dinophyceae
METDB_00222,,,Alveolata,,Dinoflagellata,Dinophyceae
METDB_00223,,,Cryptista,,Cryptophyta,Cryptophyceae
METDB_00224,,,Alveolata,,Dinoflagellata,Dinophyceae
METDB_00225,,,Alveolata,,Dinoflagellata,Dinophyceae
METDB_00226,,,Alveolata,,Dinoflagellata,Dinophyceae
METDB_00227,,,Alveolata,,Apicomplexa,Apicomplexa_X
METDB_00228,,,Stramenopiles,,Bacillariophyta,Mediophyceae
METDB_00229,,,Stramenopiles,,Bacillariophyta,Mediophyceae
METDB_00230,,,Stramenopiles,,Bacillariophyta,Mediophyceae
METDB_00231,,,Alveolata,,Dinoflagellata,Dinophyceae
METDB_00232,,,Stramenopiles,,Bacillariophyta,Bacillariophyceae
METDB_00233,,,Alveolata,,Dinoflagellata,Dinophyceae
METDB_00234,,,Alveolata,,Ciliophora,Litostomatea
METDB_00235,,,Rhizaria,,Cercozoa,Filosa-Chlorarachnea
METDB_00236,,,Rhizaria,,Cercozoa,Filosa-Chlorarachnea
METDB_00237,,,Rhizaria,,Cercozoa,Filosa-Chlorarachnea
METDB_00238,,,Rhizaria,,Cercozoa,Filosa-Chlorarachnea
METDB_00239,,,Archaeplastida,,Rhodophyta,Compsopogonophyceae
METDB_00240,,,Stramenopiles,,Ochrophyta,Chrysophyceae
METDB_00241,,,Archaeplastida,,Chlorophyta,Mamiellophyceae
METDB_00242,,,Archaeplastida,,Chlorophyta,Mamiellophyceae
METDB_00243,,,Archaeplastida,,Chlorophyta,Mamiellophyceae
METDB_00244,,,Amoebozoa,,Lobosa,Discosea-Longamoebia
METDB_00245,,,Alveolata,,Ciliophora,Litostomatea
METDB_00246,,,Stramenopiles,,Ochrophyta,Dictyochophyceae
METDB_00247,,,Archaeplastida,,Chlorophyta,Mamiellophyceae
METDB_00248,,,Archaeplastida,,Chlorophyta,Mamiellophyceae
METDB_00249,,,Archaeplastida,,Chlorophyta,Mamiellophyceae
METDB_00250,,,Archaeplastida,,Chlorophyta,Mamiellophyceae
METDB_00251,,,Archaeplastida,,Chlorophyta,Mamiellophyceae
METDB_00252,,,Archaeplastida,,Chlorophyta,Mamiellophyceae
METDB_00254,,,Archaeplastida,,Chlorophyta,Mamiellophyceae
METDB_00255,,,Archaeplastida,,Chlorophyta,Mamiellophyceae
METDB_00257,,,Archaeplastida,,Chlorophyta,Mamiellophyceae
METDB_00258,,,Archaeplastida,,Chlorophyta,Mamiellophyceae
METDB_00259,,,Archaeplastida,,Chlorophyta,Mamiellophyceae
METDB_00260,,,Archaeplastida,,Chlorophyta,Mamiellophyceae
METDB_00261,,,Rhizaria,,Cercozoa,Endomyxa-Ascetosporea
METDB_00262,,,Stramenopiles,,Bacillariophyta,Mediophyceae
METDB_00263,,,Stramenopiles,,Bacillariophyta,Mediophyceae
METDB_00264,,,Stramenopiles,,Bacillariophyta,Mediophyceae
METDB_00265,,,Stramenopiles,,Bacillariophyta,Mediophyceae
METDB_00266,,,Stramenopiles,,Bacillariophyta,Mediophyceae
METDB_00267,,,Alveolata,,Ciliophora,Litostomatea
METDB_00268,,,Stramenopiles,,Ochrophyta,Eustigmatophyceae
METDB_00269,,,Stramenopiles,,Bacillariophyta,Bacillariophyceae
METDB_00270,,,Excavata,,Discoba,Euglenozoa
METDB_00271,,,Amoebozoa,,Lobosa,Discosea-Flabellinia
METDB_00272,,,Archaeplastida,,Chlorophyta,Nephroselmidophyceae
METDB_00273,,,Stramenopiles,,Bacillariophyta,Bacillariophyceae
METDB_00274,,,Stramenopiles,,Bacillariophyta,Bacillariophyceae
METDB_00275,,,Alveolata,,Dinoflagellata,Dinophyceae
METDB_00276,,,Rhizaria,,Cercozoa,Filosa-Chlorarachnea
METDB_00277,,,Stramenopiles,,Ochrophyta,Chrysophyceae
METDB_00278,,,Stramenopiles,,Ochrophyta,Chrysophyseae
METDB_00279,,,Stramenopiles,,Ochrophyta,Chrysophyceae
METDB_00280,,,Stramenopiles,,Ochrophyta,Chrysophyceae
METDB_00281,,,Stramenopiles,,Ochrophyta,Chrysophyceae
METDB_00282,,,Stramenopiles,,Bacillariophyta,Mediophyceae
METDB_00283,,,Stramenopiles,,Bacillariophyta,Mediophyceae
METDB_00284,,,Archaeplastida,,Chlorophyta,Mamiellophyceae
METDB_00285,,,Archaeplastida,,Chlorophyta,Mamiellophyceae
METDB_00286,,,Archaeplastida,,Chlorophyta,Mamiellophyceae
METDB_00287,,,Archaeplastida,,Chlorophyta,Mamiellophyceae
METDB_00288,,,Archaeplastida,,Chlorophyta,Mamiellophyceae
METDB_00289,,,Archaeplastida,,Chlorophyta,Mamiellophyceae
METDB_00290,,,Archaeplastida,,Chlorophyta,Mamiellophyceae
METDB_00291,,,Alveolata,,Dinoflagellata,Dinophyceae
METDB_00292,,,Alveolata,,Dinoflagellata,Dinophyceae
METDB_00293,,,Alveolata,,Dinoflagellata,Dinophyceae
METDB_00294,,,Alveolata,,Dinoflagellata,Dinophyceae
METDB_00295,,,Haptista,,Haptista_X,Haptista_XX
METDB_00296,,,Amoebozoa,,Lobosa,Discosea-Flabellinia
METDB_00297,,,Stramenopiles,,Ochrophyta,Chrysophyceae
METDB_00298,,,Stramenopiles,,Ochrophyta,Chrysophyceae
METDB_00299,,,Rhizaria,,Cercozoa,Filosa-Chlorarachnea
METDB_00300,,,Haptista,,Haptophyta,Pavlovophyceae
METDB_00301,,,Haptista,,Haptophyta,Pavlovophyceae
METDB_00302,,,Haptista,,Haptophyta,Pavlovophyceae
METDB_00303,,,Haptista,,Haptophyta,Pavlovophyceae
METDB_00304,,,Stramenopiles,,Ochrophyta,Dictyochophyceae
METDB_00305,,,Stramenopiles,,Ochrophyta,Pelagophyceae
METDB_00306,,,Alveolata,,Dinoflagellata,Dinophyceae
METDB_00307,,,Stramenopiles,,Ochrophyta,Pelagophyceae
METDB_00308,,,Stramenopiles,,Ochrophyta,Pelagophyceae
METDB_00309,,,Stramenopiles,,Ochrophyta,Pelagophyceae
METDB_00310,,,Stramenopiles,,Ochrophyta,Pelagophyceae
METDB_00311,,,Stramenopiles,,Ochrophyta,Pelagophyceae
METDB_00312,,,Stramenopiles,,Ochrophyta,Pelagophyceae
METDB_00313,,,Stramenopiles,,Ochrophyta,Pelagophyceae
METDB_00314,,,Stramenopiles,,Ochrophyta,Pelagophyceae
METDB_00315,,,Stramenopiles,,Ochrophyta,Pelagophyceae
METDB_00316,,,Stramenopiles,,Ochrophyta,Pelagophyceae
METDB_00317,,,Excavata,,Discoba,Heterolobosea
METDB_00318,,,Excavata,,Discoba,Heterolobosea
METDB_00319,,,Alveolata,,Dinoflagellata,Dinophyceae
METDB_00320,,,Alveolata,,Perkinsea,Perkinsida
METDB_00321,,,Alveolata,,Perkinsea,Perkinsida
METDB_00322,,,Amoebozoa,,Lobosa,Discosea-Flabellinia
METDB_00323,,,Haptista,,Haptophyta,Prymnesiophyceae
METDB_00324,,,Haptista,,Haptophyta,Prymnesiophyceae
METDB_00325,,,Haptista,,Haptophyta,Prymnesiophyceae
METDB_00326,,,Haptista,,Haptophyta,Prymnesiophyceae
METDB_00327,,,Haptista,,Haptophyta,Prymnesiophyceae
METDB_00328,,,Haptista,,Haptophyta,Prymnesiophyceae
METDB_00329,,,Haptista,,Haptophyta,Prymnesiophyceae
METDB_00330,,,Haptista,,Haptophyta,Prymnesiophyceae
METDB_00331,,,Haptista,,Haptophyta,Prymnesiophyceae
METDB_00332,,,Haptista,,Haptophyta,Prymnesiophyceae
METDB_00333,,,Haptista,,Haptophyta,Prymnesiophyceae
METDB_00334,,,Haptista,,Haptophyta,Prymnesiophyceae
METDB_00335,,,Haptista,,Haptophyta,Prymnesiophyceae
METDB_00336,,,Haptista,,Haptophyta,Prymnesiophyceae
METDB_00337,,,Stramenopiles,,Ochrophyta,Pinguiophyceae
METDB_00338,,,Archaeplastida,,Chlorophyta,Trebouxiophyceae
METDB_00339,,,Archaeplastida,,Chlorophyta,Trebouxiophyceae
METDB_00340,,,Archaeplastida,,Chlorophyta,Trebouxiophyceae
METDB_00341,,,Archaeplastida,,Chlorophyta,Trebouxiophyceae
METDB_00342,,,Archaeplastida,,Chlorophyta,Picocystophyceae
METDB_00343,,,Stramenopiles,,Ochrophyta,Pinguiophyceae
METDB_00344,,,Alveolata,,Ciliophora,Colpodea
METDB_00345,,,Haptista,,Haptophyta,Prymnesiophyceae
METDB_00346,,,Stramenopiles,,Bacillariophyta,Bacillariophyceae
METDB_00347,,,Alveolata,,Dinoflagellata,Dinophyceae
METDB_00348,,,Alveolata,,Dinoflagellata,Dinophyceae
METDB_00349,,,Archaeplastida,,Chlorophyta,Chlorophyceae
METDB_00350,,,Archaeplastida,,Rhodophyta,Porphyridiophyceae
METDB_00351,,,Archaeplastida,,Rhodophyta,Porphyridiophyceae
METDB_00352,,,Archaeplastida,,Chlorophyta,Palmophyllophyceae
METDB_00353,,,Archaeplastida,,Chlorophyta,Palmophyllophyceae
METDB_00354,,,Archaeplastida,,Chlorophyta,Palmophyllophyceae
METDB_00355,,,Stramenopiles,,Bacillariophyta,Coscinodiscophyceae
METDB_00356,,,Stramenopiles,,Bacillariophyta,Coscinodiscophyceae
METDB_00357,,,Alveolata,,Dinoflagellata,Dinophyceae
METDB_00358,,,Alveolata,,Dinoflagellata,Dinophyceae
METDB_00359,,,Alveolata,,Dinoflagellata,Dinophyceae
METDB_00360,,,Alveolata,,Dinoflagellata,Dinophyceae
METDB_00361,,,Cryptista,,Cryptophyta,Cryptophyceae
METDB_00362,,,Alveolata,,Dinoflagellata,Dinophyceae
METDB_00363,,,Alveolata,,Ciliophora,Spirotrichea
METDB_00364,,,Haptista,,Haptophyta,Prymnesiophyceae
METDB_00365,,,Stramenopiles,,Bacillariophyta,Bacillariophyceae
METDB_00366,,,Stramenopiles,,Bacillariophyta,Bacillariophyceae
METDB_00367,,,Stramenopiles,,Bacillariophyta,Bacillariophyceae
METDB_00368,,,Stramenopiles,,Bacillariophyta,Bacillariophyceae
METDB_00369,,,Stramenopiles,,Bacillariophyta,Bacillariophyceae
METDB_00370,,,Stramenopiles,,Bacillariophyta,Bacillariophyceae
METDB_00371,,,Stramenopiles,,Bacillariophyta,Bacillariophyceae
METDB_00372,,,Stramenopiles,,Bacillariophyta,Bacillariophyceae
METDB_00373,,,Alveolata,,Ciliophora,Spirotrichea
METDB_00374,,,Alveolata,,Ciliophora,Spirotrichea
METDB_00375,,,Stramenopiles,,Ochrophyta,Dictyochophyceae
METDB_00376,,,Stramenopiles,,Ochrophyta,Dictyochophyceae
METDB_00377,,,Archaeplastida,,Chlorophyta,Pyramimonadales
METDB_00378,,,Archaeplastida,,Chlorophyta,Prasino-Clade-V
METDB_00379,,,Archaeplastida,,Chlorophyta,Prasino-Clade-V
METDB_00380,,,Archaeplastida,,Chlorophyta,Prasino-Clade-V
METDB_00381,,,Archaeplastida,,Chlorophyta,Prasino-Clade-V
METDB_00382,,,Archaeplastida,,Chlorophyta,Prasino-Clade-V
METDB_00383,,,Archaeplastida,,Chlorophyta,Prasino-Clade-V
METDB_00384,,,Archaeplastida,,Chlorophyta,Pyramimonadales
METDB_00385,,,Archaeplastida,,Chlorophyta,Pyramimonadales
METDB_00386,,,Archaeplastida,,Chlorophyta,Pyramimonadales
METDB_00387,,,Archaeplastida,,Chlorophyta,Pyramimonadales
METDB_00388,,,Alveolata,,Dinoflagellata,Dinophyceae
METDB_00389,,,Alveolata,,Dinoflagellata,Dinophyceae
METDB_00390,,,Stramenopiles,,Stramenopiles_X,Labyrinthulea
METDB_00391,,,Stramenopiles,,Stramenopiles_X,Labyrinthulea
METDB_00392,,,Stramenopiles,,Ochrophyta,Dictyochophyceae
METDB_00393,,,Stramenopiles,,Bacillariophyta,Coscinodiscophyceae
METDB_00394,,,Archaeplastida,,Rhodophyta,Rhodellophyceae
METDB_00395,,,Cryptista,,Cryptophyta,Cryptophyceae
METDB_00396,,,Cryptista,,Cryptophyta,Cryptophyceae
METDB_00397,,,Cryptista,,Cryptophyta,Cryptophyceae
METDB_00398,,,Archaeplastida,,Rhodophyta,Stylonematophyceae
METDB_00399,,,Archaeplastida,,Rhodophyta,Stylonematophyceae
METDB_00400,,,Rhizaria,,Foraminifera,Rotaliida
METDB_00401,,,Stramenopiles,,Ochrophyta,Pelagophyceae
METDB_00402,,,Stramenopiles,,Stramenopiles_X,Labyrinthulea
METDB_00403,,,Alveolata,,Dinoflagellata,Dinophyceae
METDB_00404,,,Alveolata,,Dinoflagellata,Dinophyceae
METDB_00405,,,Alveolata,,Dinoflagellata,Dinophyceae
METDB_00406,,,Haptista,,Haptophyta,Prymnesiophyceae
METDB_00407,,,Amoebozoa,,Tubulinea,Arcellinida
METDB_00408,,,Stramenopiles,,Bacillariophyta,Mediophyceae
METDB_00409,,,Stramenopiles,,Bacillariophyta,Mediophyceae
METDB_00410,,,Stramenopiles,,Bacillariophyta,Mediophyceae
METDB_00411,,,Stramenopiles,,Bacillariophyta,Mediophyceae
METDB_00412,,,Stramenopiles,,Bacillariophyta,Mediophyceae
METDB_00413,,,Stramenopiles,,Bacillariophyta,Mediophyceae
METDB_00414,,,Stramenopiles,,Bacillariophyta,Mediophyceae
METDB_00415,,,Stramenopiles,,Bacillariophyta,Mediophyceae
METDB_00416,,,Stramenopiles,,Bacillariophyta,Mediophyceae
METDB_00417,,,Stramenopiles,,Bacillariophyta,Mediophyceae
METDB_00418,,,Stramenopiles,,Bacillariophyta,Mediophyceae
METDB_00419,,,Stramenopiles,,Bacillariophyta,Mediophyceae
METDB_00420,,,Rhizaria,,Foraminifera,Miliolida
METDB_00421,,,Stramenopiles,,Ochrophyta,Chrysophyceae
METDB_00422,,,Stramenopiles,,Bacillariophyta,Bacillariophyceae
METDB_00423,,,Stramenopiles,,Bacillariophyta,Bacillariophyceae
METDB_00424,,,Stramenopiles,,Bacillariophyta,Coscinodiscophyceae
METDB_00425,,,Amoebozoa,,Stereomyxa,Stereomyxa_X
METDB_00426,,,Archaeplastida,,Chlorophyta,Trebouxiophyceae
METDB_00427,,,Stramenopiles,,Bacillariophyta,Bacillariophyceae
METDB_00428,,,Alveolata,,Ciliophora,Spirotrichea
METDB_00429,,,Alveolata,,Ciliophora,Spirotrichea
METDB_00430,,,Alveolata,,Ciliophora,Spirotrichea
METDB_00431,,,Alveolata,,Ciliophora,Spirotrichea
METDB_00432,,,Apusozoa,,Hilomonadea,Planomonadida
METDB_00433,,,Alveolata,,Dinoflagellata,Dinophyceae
METDB_00434,,,Alveolata,,Dinoflagellata,Dinophyceae
METDB_00435,,,Alveolata,,Dinoflagellata,Dinophyceae
METDB_00436,,,Alveolata,,Dinoflagellata,Dinophyceae
METDB_00437,,,Alveolata,,Dinoflagellata,Dinophyceae
METDB_00438,,,Alveolata,,Dinoflagellata,Dinophyceae
METDB_00439,,,Alveolata,,Dinoflagellata,Dinophyceae
METDB_00440,,,Alveolata,,Dinoflagellata,Dinophyceae
METDB_00441,,,Stramenopiles,,Ochrophyta,Synchromophyceae
METDB_00442,,,Stramenopiles,,Bacillariophyta,Bacillariophyceae
METDB_00443,,,Stramenopiles,,Bacillariophyta,Bacillariophyceae
METDB_00444,,,Archaeplastida,,Chlorophyta,Chlorodendrophyceae
METDB_00445,,,Archaeplastida,,Chlorophyta,Chlorodendrophyceae
METDB_00446,,,Archaeplastida,,Chlorophyta,Chlorodendrophyceae
METDB_00447,,,Archaeplastida,,Chlorophyta,Chlorodendrophyceae
METDB_00448,,,Stramenopiles,,Bacillariophyta,Bacillariophyceae
METDB_00449,,,Stramenopiles,,Bacillariophyta,Bacillariophyceae
METDB_00450,,,Stramenopiles,,Bacillariophyta,Bacillariophyceae
METDB_00451,,,Stramenopiles,,Bacillariophyta,Mediophyceae
METDB_00452,,,Stramenopiles,,Bacillariophyta,Mediophyceae
METDB_00453,,,Stramenopiles,,Bacillariophyta,Mediophyceae
METDB_00454,,,Stramenopiles,,Bacillariophyta,Mediophyceae
METDB_00455,,,Stramenopiles,,Bacillariophyta,Mediophyceae
METDB_00456,,,Stramenopiles,,Bacillariophyta,Mediophyceae
METDB_00457,,,Stramenopiles,,Bacillariophyta,Mediophyceae
METDB_00458,,,Stramenopiles,,Bacillariophyta,Mediophyceae
METDB_00459,,,Stramenopiles,,Bacillariophyta,Mediophyceae
METDB_00460,,,Stramenopiles,,Bacillariophyta,Mediophyceae
METDB_00461,,,Stramenopiles,,Bacillariophyta,Mediophyceae
METDB_00462,,,Stramenopiles,,Bacillariophyta,Bacillariophyceae
METDB_00463,,,Alveolata,,Dinoflagellata,Dinophyceae
METDB_00464,,,Alveolata,,Dinoflagellata,Dinophyceae
METDB_00465,,,Stramenopiles,,Stramenopiles_X,Labyrinthulea
METDB_00466,,,Alveolata,,Ciliophora,Prostomatea
METDB_00467,,,Archaeplastida,,Rhodophyta,Rhodophyceae
METDB_00468,,,Alveolata,,Dinoflagellata,Dinophyceae
METDB_00469,,,Stramenopiles,,Bacillariophyta,Coscinodiscophyceae
METDB_00470,,,Amoebozoa,,Lobosa,Amoebozoa_XX
METDB_00471,,,Stramenopiles,,Ochrophyta,Bolidophyceae
METDB_00472,,,Stramenopiles,,Ochrophyta,Bolidophyceae
METDB_00473,,,Stramenopiles,,Ochrophyta,Bolidophyceae
METDB_00474,,,Stramenopiles,,Ochrophyta,Bolidophyceae
METDB_00475,,,Stramenopiles,,Ochrophyta,Bolidophyceae
METDB_00476,,,Stramenopiles,,Ochrophyta,Bolidophyceae
METDB_00477,,,Stramenopiles,,Ochrophyta,Bolidophyceae
METDB_00478,,,Alveolata,,Ciliophora,Oligohymenophorea
METDB_00479,,,Amoebozoa,,Lobosa,Discosea-Flabellinia
METDB_00480,,,Amoebozoa,,Lobosa,Discosea-Flabellinia
METDB_00481,,,Stramenopiles,,Ochrophyta,Xanthophyceae
METDB_00482,,,Amoebozoa,,Lobosa,Discosea-Flabellinia
METDB_00483,,,Alveolata,,Chromerida,Chromerida_X
METDB_00484,,,Stramenopiles,,Ochrophyta,Chrysophyceae
METDB_00485,,,Haptista,,Haptophyta,Prymnesiophyceae
METDB_00486,,,Alveolata,,Dinoflagellata,Dinophyceae
